date,individual,foreign,institution,fin_invest,insurance,trust,bank,other_fin,pension,other_corp
2016-05-13,2184,-1428,-1115,-125,-271,-323,-161,13,-248,409
2016-05-16,-51,170,-338,1301,-272,-602,-400,-129,-236,296
2016-05-17,832,-534,-716,-797,-96,-18,-182,-29,405,225
2016-05-18,1214,365,-1987,-1139,-161,-370,-7,-109,-200,404
2016-05-19,310,-213,-365,-97,-120,-425,-116,-91,483,318
2016-05-20,-617,-1276,1577,1497,-99,404,-64,-170,9,385
2016-05-23,-675,42,235,-498,27,889,-47,-244,108,316
2016-05-24,789,-586,-574,-305,-184,46,-60,-146,74,423
2016-05-25,-3363,1249,2128,1346,-30,971,-43,-13,-104,38
2016-05-26,-955,68,535,481,10,108,-1,18,-80,253
2016-05-27,-1760,1494,-142,-255,32,0,-79,-38,197,353
2016-05-30,-350,1217,-1204,-397,-114,-344,-46,-14,-290,385
2016-05-31,-1607,-1312,2112,-1065,92,2262,18,32,772,799
2016-06-01,-885,2429,-1937,-2769,289,146,25,-43,414,379
2016-06-02,-618,3868,-2065,-2159,-39,153,18,-65,27,-1280
2016-06-03,-1141,-1273,3439,2463,1173,-382,75,-7,118,-999
2016-06-07,-4358,2615,1495,1538,-287,-31,30,-54,299,275
2016-06-08,-3145,3095,-523,1860,-213,-1210,-166,-52,-741,434
2016-06-09,-2281,4140,-2002,3072,-1148,-1852,-1116,-235,-721,106
2016-06-10,-1141,-283,890,4438,-1252,-1966,-80,-30,-221,521
2016-06-13,1737,-1469,-757,1063,-286,-1256,-82,-33,-164,481
2016-06-14,2269,-1053,-1805,-1484,-218,-661,-49,3,604,595
2016-06-15,1681,-211,-603,-2059,72,550,24,42,769,-898
2016-06-16,1164,423,-2174,-2404,-25,-30,-122,-20,428,490
2016-06-17,-72,-981,525,779,-59,-356,5,-9,165,525
2016-06-20,-1812,207,1229,46,-122,1163,-18,71,89,463
2016-06-21,908,-1100,-323,-474,-125,54,48,37,136,517
2016-06-22,-2508,300,1750,1086,-106,317,55,28,370,496
2016-06-23,-2647,291,1872,1367,-225,58,55,-47,664,480
2016-06-24,349,-1498,532,-2106,44,596,-124,1053,1068,565
2016-06-27,-2164,-2372,4146,2589,33,1263,-77,106,232,475
2016-06-28,1675,-3680,1515,448,-112,415,100,2,661,469
2016-06-29,-224,583,-611,-1467,101,504,-100,13,337,294
2016-06-30,382,4034,-2546,-2925,-64,395,21,-32,59,-1936
2016-07-01,-2053,2525,-873,-1101,296,-130,131,20,-89,443
2016-07-04,-665,1794,-1422,-517,-253,-435,-1,-3,-212,516
2016-07-05,1382,129,-2062,-159,-571,-859,-84,-16,-373,591
2016-07-06,5113,-4300,-1311,920,-441,-1697,-56,14,-51,548
2016-07-07,-903,1695,-1163,350,-142,-881,-69,0,-422,406
2016-07-08,2047,413,-2832,-1149,-354,-689,-54,-55,-531,445
2016-07-11,-3904,2683,937,2342,-114,-678,-136,-205,-273,374
2016-07-12,-1942,1929,-467,247,-226,-254,-18,-183,-34,504
2016-07-13,-1874,5810,-3842,-2156,-414,-1149,-129,-330,335,-125
2016-07-14,-1367,3684,-2303,-943,5,-1291,-32,-19,-23,-27
2016-07-15,-1882,4909,-2967,-1092,-250,-1315,-24,-146,-140,45
2016-07-18,-22,2317,-2085,202,-342,-1593,-36,-30,-286,-77
2016-07-19,1178,3149,-4310,-1904,-322,-1810,-70,-6,-198,-55
2016-07-20,320,1795,-2189,-992,-298,-580,-14,-20,-285,101
2016-07-21,334,440,-861,1721,-1296,-878,10,-41,-378,42
2016-07-22,-1201,721,441,894,29,-570,-50,-6,143,59
2016-07-25,-810,1934,-1148,363,-293,23,-26,-9,-1206,-47
2016-07-26,-1733,1942,174,1404,-357,-124,-69,-130,-552,-361
2016-07-27,-1379,2438,-1050,828,-314,-1413,-53,-68,-29,-23
2016-07-28,-1101,1965,-791,293,-648,-114,-28,-169,-125,-59
2016-07-29,895,2126,-3206,-1918,-812,-887,-120,-6,538,186
2016-08-01,-1049,3078,-2990,-330,124,-1998,-1,-3,-782,944
2016-08-02,1062,516,-1788,-1187,118,-406,-57,-8,-248,217
2016-08-03,2538,-866,-1979,-973,-475,-655,-9,-76,209,292
2016-08-04,472,384,-1009,-1002,54,-486,-30,-6,462,242
2016-08-05,-1990,2502,-689,-550,-308,-136,-26,-13,343,249
2016-08-08,-2024,810,729,629,-152,72,-6,11,175,367
2016-08-09,-3140,2093,789,1232,100,-198,-91,-187,-67,306
2016-08-10,-1893,3084,-1406,1390,-82,-1690,-119,-141,-764,180
2016-08-11,255,-177,-307,1971,-608,-1384,-31,-20,-236,257
2016-08-12,-1793,605,781,2453,-251,-522,-48,-10,-843,220
2016-08-16,-363,347,-193,1298,-193,-1223,-64,-10,-1,238
2016-08-17,438,143,-892,824,-404,-801,-53,-1,-457,310
2016-08-18,-90,1903,-1916,-2536,-58,109,-41,1,609,49
2016-08-19,531,2205,-3531,-3694,46,-191,-17,-1,325,822
2016-08-22,863,-119,-1833,-1114,-145,-783,-30,1,238,1106
2016-08-23,791,459,-2139,-1204,-296,-558,-13,-170,103,922
2016-08-24,-178,-415,-329,-828,-41,-225,-146,-7,917,1043
2016-08-25,-33,-3188,2561,2563,-266,-1303,-77,-4,1649,710
2016-08-26,-614,-1296,1938,1472,-179,-539,0,-22,1206,2550
2016-08-29,-420,841,-429,766,-1094,-303,-19,1,220,-16
2016-08-30,-1726,524,1296,1142,-120,31,-50,-59,352,-53
2016-08-31,105,215,-98,-466,-110,-281,-46,-52,857,-219
2016-09-01,989,-1394,314,-985,195,56,31,5,1012,34
2016-09-02,-172,2179,-1984,-2409,92,43,-67,21,336,-54
2016-09-05,-3938,2720,1331,2130,-260,-547,-63,-124,195,-142
2016-09-06,421,2699,-3109,-1361,-287,-949,-142,-233,-138,-20
2016-09-07,-202,839,-458,693,-62,-1504,0,-134,550,-148
2016-09-08,41,1816,-1743,-531,-69,-1275,-73,-203,408,-17
2016-09-09,913,-505,-471,-1101,34,-166,101,13,648,73
2016-09-12,884,-2190,1402,1968,-356,-563,100,-21,274,-64
2016-09-13,2989,2474,-6877,-6788,32,-432,-105,8,407,1417
2016-09-19,973,470,-3028,-3451,-161,683,-30,7,-76,1291
2016-09-20,1155,984,-3560,-3899,-130,-45,-31,119,427,1317
2016-09-21,131,882,-2321,-2030,54,-37,-18,-4,-285,1260
2016-09-22,-1320,1283,-1454,-254,-68,-1042,-224,-25,159,1442
2016-09-23,-2912,-425,1870,1810,-177,46,-92,-10,293,1428
2016-09-26,-29,-152,-1137,443,-337,-1172,-40,-19,-12,1394
2016-09-27,-2646,255,2531,1145,9,135,-100,75,1267,-126
2016-09-28,864,-1146,423,636,-227,-238,-123,22,354,-103
2016-09-29,-2133,1832,266,713,-99,-359,31,-72,52,72
2016-09-30,3779,-1579,-2286,487,-473,-1991,-105,-16,-188,167
2016-10-04,-894,1814,-868,-867,173,-86,-143,-26,81,2
2016-10-05,992,-22,-1142,-1314,-140,165,38,4,105,136
2016-10-06,475,916,-1494,-2515,237,841,-40,3,-20,78
2016-10-07,1964,373,-2424,-865,-531,-633,-77,13,-330,20
2016-10-10,-3040,-393,3183,4714,-56,-503,-49,15,-937,224
2016-10-11,-1542,-3359,4740,5547,53,-275,36,8,-630,91
2016-10-12,-698,-5524,5910,5413,203,222,23,-7,56,0
2016-10-13,3754,1923,-5789,-6062,143,-152,-4,70,216,3
2016-10-14,-437,323,-30,-195,96,157,-27,0,-62,120
2016-10-17,-486,2912,-2468,-2995,80,419,-33,-1,62,12
2016-10-18,-2844,1899,764,371,282,-194,-54,-30,389,105
2016-10-19,-164,2299,-2147,-2140,7,-97,64,-29,47,-11
2016-10-20,-1227,1093,150,462,7,-58,-6,-38,-216,-16
2016-10-21,-670,459,98,-122,-76,-294,38,-8,559,119
2016-10-24,-2555,970,1544,1516,-38,247,-85,-4,-94,66
2016-10-25,-1878,-614,2521,1717,55,183,35,-1,531,133
2016-10-26,575,-828,285,-441,-19,229,-3,-3,521,-17
2016-10-27,-37,289,-260,-1064,-239,-569,0,-35,1647,0
2016-10-28,570,-334,-160,-505,122,-97,25,-15,311,-92
2016-10-31,-1441,101,1305,1052,19,276,-40,-85,84,34
2016-11-01,-912,140,634,663,148,-640,442,-20,42,112
2016-11-02,-1301,-220,1523,1081,620,93,122,-26,-367,47
2016-11-03,-1355,-2057,3181,2375,276,-18,4,12,531,13
2016-11-04,-110,-1916,1911,616,-111,638,20,-8,756,100
2016-11-07,-860,-2178,2930,2609,36,96,-1,7,183,137
2016-11-08,187,-555,152,118,324,-42,16,4,-268,256
2016-11-09,-1269,-2139,3083,87,1879,173,74,186,684,306
2016-11-10,-3101,479,2306,2395,55,73,-35,-42,-141,325
2016-11-11,897,-4495,3554,2554,178,392,36,-5,399,-184
2016-11-14,307,-3345,2722,2695,143,-95,79,-24,-77,283
2016-11-15,718,-2059,1074,1603,-51,-388,2,4,-97,273
2016-11-16,-710,-80,613,-2033,83,47,-2,42,2476,150
2016-11-17,71,618,-929,-2539,283,484,-15,1,856,231
2016-11-18,2350,615,-3162,-2390,-176,-823,-65,61,230,351
2016-11-21,-393,683,-491,-389,-100,-3,23,12,-34,213
2016-11-22,-1403,3449,527,436,-265,429,-34,7,-46,-2511
2016-11-23,-2163,1647,4038,822,-11,85,-78,3,3216,-3544
2016-11-24,138,-1414,962,1234,64,-380,-3,-3,49,245
2016-11-25,-363,199,-77,1183,34,-1295,9,-7,-1,216
2016-11-28,-196,2087,-2061,-2426,116,397,32,4,-184,175
2016-11-29,-83,4508,-1433,149,-238,-851,-3,-16,-474,-2918
2016-11-30,446,2740,-3173,-2419,-151,-99,-166,7,-344,15
2016-12-01,209,309,-1237,-1267,87,64,10,97,-229,7
2016-12-02,230,-9,-565,-612,201,-334,-2,-32,214,266
2016-12-05,-1144,-45,996,580,148,447,-33,2,-149,180
2016-12-06,-3605,1175,2877,-331,169,222,0,-8,2826,-115
2016-12-07,141,783,-943,-1906,-43,509,-20,-13,532,-16
2016-12-08,-6546,284,6499,5652,192,-116,-132,-2,906,-288
2016-12-09,-1177,571,550,994,16,-655,-40,-11,245,34
2016-12-12,-964,848,91,1937,-401,-1015,-96,-19,-315,-31
2016-12-13,-1025,1120,-158,1680,-317,-1301,-66,3,-158,52
2016-12-14,132,1763,-1872,-380,-846,-1396,-10,59,701,-11
2016-12-15,-676,-33,623,-25,-291,-479,4,-12,1426,50
2016-12-16,254,677,-1577,-1720,-187,-357,66,-8,629,689
2016-12-19,788,50,-819,-252,-40,-725,-92,-10,300,-42
2016-12-20,-335,606,-312,304,-53,-450,-89,-40,16,25
2016-12-21,-82,782,-717,616,-143,-1107,-5,-12,-67,-2
2016-12-22,-297,-500,753,1301,-264,-319,-12,-7,55,76
2016-12-23,-1255,-1005,2248,2625,-75,-634,-14,-37,383,-51
2016-12-26,-878,-312,1256,1221,-251,-794,-34,-8,1123,-21
2016-12-27,-2588,934,1698,645,364,12,-40,-4,721,-71
2016-12-28,2810,1268,-4134,-4687,116,-254,-62,4,750,31
2016-12-29,1562,1286,-3049,-4013,161,-265,-38,15,1092,122
2017-01-02,386,274,-788,-248,79,-609,-30,-2,22,186
2017-01-03,-112,1711,-1796,-1885,407,-514,49,9,139,144
2017-01-04,1272,2142,-3563,-2732,-352,-379,46,7,-154,163
2017-01-05,655,841,-1680,-55,-139,-1111,49,1,-425,125
2017-01-06,-288,1713,-1394,-959,-111,-241,33,-4,-112,-34
2017-01-09,1934,2544,-4595,-3412,-102,-848,15,1,-250,130
2017-01-10,1286,996,-2495,-1866,-7,-510,-19,-24,-69,216
2017-01-11,-4300,4855,-552,381,91,-856,-183,-95,109,13
2017-01-12,-321,314,-106,1334,-179,-1149,-134,128,-106,84
2017-01-13,-585,-1084,1648,3332,-234,-1352,-50,-37,-10,15
2017-01-16,400,-2394,1841,2624,-403,214,-70,-21,-502,147
2017-01-17,-830,-84,911,2625,-99,-1320,-11,-139,-145,8
2017-01-18,-723,-193,863,2572,-184,-1358,-62,0,-106,44
2017-01-19,1288,1460,-2806,-1477,-154,-769,-49,-31,-326,71
2017-01-20,67,-465,336,1240,-38,-650,35,-79,-172,18
2017-01-23,-118,1167,-1135,-345,105,-382,-46,-89,-379,40
2017-01-24,-125,-131,97,400,10,-198,27,-12,-131,164
2017-01-25,1093,2091,-3742,-3155,195,-916,-14,13,135,580
2017-01-26,-2148,3649,-1988,-2700,207,-148,37,-4,619,468
2017-01-31,1323,-3025,1164,883,-64,-32,21,-16,372,514
2017-02-01,-871,-119,514,333,100,-309,29,-9,370,443
2017-02-02,612,705,-1481,0,-250,-1007,65,-9,-279,465
2017-02-03,1109,-1097,-472,993,173,-670,-47,-52,-869,575
2017-02-06,-1136,29,628,464,-17,-14,31,-8,172,473
2017-02-07,-320,-1600,1441,1512,25,-367,-121,-17,411,468
2017-02-08,931,-2426,810,914,439,-913,32,-20,358,450
2017-02-09,221,545,-1391,-2494,87,-171,-7,2,1192,433
2017-02-10,-2473,-1053,3114,3179,33,-403,-116,-10,431,412
2017-02-13,-2787,58,2247,1738,89,117,-110,0,414,426
2017-02-14,-1367,-1276,2604,2077,-67,-38,10,-2,624,-63
2017-02-15,-1751,-287,1471,519,298,-3,19,4,635,456
2017-02-16,426,1656,-2616,-2547,110,-695,46,-12,482,579
2017-02-17,-4841,2903,1464,790,84,-64,14,0,642,462
2017-02-20,1032,533,-2147,-3684,55,126,-2,-11,1369,527
2017-02-21,-3185,1248,1474,1530,-83,-983,-29,-92,1131,402
2017-02-22,-936,4529,-2006,-2303,119,-982,35,3,1122,-1613
2017-02-23,-274,356,-558,-2437,18,2197,-28,-26,-282,510
2017-02-24,78,-49,-423,3029,-434,-477,-1900,-9,-632,491
2017-02-27,-326,-2257,2129,2680,-113,-317,-27,-4,-90,414
2017-02-28,-1164,679,-360,-3409,104,2622,-32,4,351,792
2017-03-02,-1071,6820,-6228,-7232,-313,1330,-157,-23,167,476
2017-03-03,1065,-319,-1131,-681,-142,-87,-21,-23,-177,511
2017-03-06,-487,2295,-2591,-3189,327,136,-18,47,106,563
2017-03-07,-2461,926,925,-192,129,478,102,125,283,537
2017-03-08,-174,1542,-1916,-1876,-206,-45,18,-1,194,604
2017-03-09,1105,4448,-6201,-5446,-2,-530,-31,-5,-188,636
2017-03-10,553,1601,-2718,-2723,-19,-137,-32,13,181,640
2017-03-13,-2824,4546,-2234,-1797,-49,-334,-41,7,-19,443
2017-03-14,-501,4057,-4271,-3513,97,-494,81,2,-443,505
2017-03-15,847,1289,-2672,328,-460,-1813,-12,-52,-664,549
2017-03-16,-2374,2798,-1049,120,-986,-443,-162,-26,449,490
2017-03-17,-935,2512,-2075,-1294,-182,-880,70,-14,225,536
2017-03-20,850,-848,-616,891,-145,-1057,-34,-23,-247,511
2017-03-21,-2348,3627,-2034,-908,-70,-1012,20,-76,12,634
2017-03-22,1813,-962,-1102,-767,-66,-1628,2,-181,1538,313
2017-03-23,-1284,526,228,535,-60,-532,-75,-4,364,563
2017-03-24,-1868,-891,2304,2860,-354,-114,-228,-40,181,565
2017-03-27,167,364,-940,829,-500,-691,-238,-15,-325,516
2017-03-28,19,207,-816,911,-285,-848,-136,-2,-457,584
2017-03-29,368,-618,-295,-546,-754,63,3,-3,942,515
2017-03-30,656,894,-1796,-1710,-87,-43,41,1,1,135
2017-03-31,-1110,257,339,487,-21,-244,-200,107,210,516
2017-04-03,-593,-220,342,917,-204,-381,-42,5,47,514
2017-04-04,1794,-1016,-1240,-744,-21,-480,-22,2,24,470
2017-04-05,1280,-76,-1583,-1519,129,-36,-45,3,-114,466
2017-04-06,1683,-905,-1225,-1847,78,38,-69,-13,588,428
2017-04-07,104,-779,849,197,291,-334,-75,-23,792,-344
2017-04-10,64,-541,-166,-163,-64,-306,-79,-7,453,522
2017-04-11,314,-1266,986,1064,86,7,-12,2,-162,-15
2017-04-12,248,790,-1089,-203,-296,21,0,-4,-607,59
2017-04-13,-1138,-11,1140,2200,-41,-185,10,-467,-377,115
2017-04-14,444,-735,203,183,-130,-455,-19,1,624,83
2017-04-17,-1609,-1117,2602,1602,-27,727,148,-36,188,90
2017-04-18,-482,114,344,652,127,399,13,13,-859,-1
2017-04-19,1159,-2251,1064,1465,-22,170,-18,-19,-513,-1
2017-04-20,-2761,763,2191,1603,126,-582,47,-15,1011,-214
2017-04-21,-3165,2425,826,-686,195,692,-99,41,683,-76
2017-04-24,-2495,3381,-619,99,-575,-290,-5,24,127,-136
2017-04-25,-3678,6516,-2789,-3083,-181,-245,46,-45,719,2
2017-04-26,-3680,2984,752,971,-582,-264,2,-51,675,-23
2017-04-27,1549,133,-1637,-1286,-286,-124,-37,-9,104,-78
2017-04-28,3399,-151,-2098,-1260,-328,-1022,-84,80,517,312
2017-05-02,-1297,1355,40,1153,-126,-908,-31,8,-56,438
2017-05-04,-709,3641,-1569,-527,-254,-20,-11,-15,-743,431
2017-05-08,-6632,5440,806,2766,-333,-251,8,-36,-1348,384
2017-05-10,-1005,1107,-823,6018,-2101,-2038,-79,-64,-2560,350
2017-05-11,-4441,1046,5082,7556,-275,-1076,-67,-278,-779,106
2017-05-12,3635,-3066,-307,874,10,-2178,-99,50,1037,342
2017-05-15,350,-959,875,1496,-214,-101,-6,-4,-294,369
2017-05-16,234,2341,1912,2056,-2,-137,-7,-50,52,-3309
2017-05-17,1617,67,297,328,115,-15,0,-32,-100,492
2017-05-18,-191,269,1173,794,-10,615,38,-59,-206,570
2017-05-19,-651,411,367,1004,-518,-384,191,-19,92,527
2017-05-22,-885,2887,-1106,-705,-500,-147,105,-22,162,605
2017-05-23,-2616,-554,3889,605,-140,38,2,-13,3398,345
2017-05-24,-365,773,-502,698,36,208,-12,-1830,399,484
2017-05-25,-4053,1170,2469,3547,-75,-513,41,-15,-517,214
2017-05-26,-2587,1231,1844,549,-267,-754,68,66,2183,527
2017-05-29,515,222,-16,1711,-15,-1521,-393,-9,211,313
2017-05-30,135,-417,822,1452,-88,-287,95,-29,-321,350
2017-05-31,-369,-3619,3621,3837,-272,-250,77,-50,279,383
2017-06-01,751,-136,-373,-75,-165,-108,-121,0,97,245
2017-06-02,-2407,4480,-558,-803,69,36,-273,-18,431,442
2017-06-05,43,2740,-3041,-709,-217,-485,-63,-49,-1519,495
2017-06-07,1265,1146,-2782,-878,-196,-204,-388,-59,-1057,553
2017-06-08,979,2818,-3465,-2488,34,-1106,-158,-99,353,722
2017-06-09,-1763,1547,-39,65,3,830,-158,-55,-724,608
2017-06-12,4988,-1462,-3351,-1212,-256,-1504,-101,-56,-223,535
2017-06-13,-1219,-787,1061,1260,50,479,1,-27,-703,376
2017-06-14,529,222,-681,894,-169,-381,-9,-113,-902,457
2017-06-15,2587,110,-2172,-1387,85,-803,-87,3,18,350
2017-06-16,550,-1633,284,1657,-208,-338,-89,-25,-714,497
2017-06-19,-1019,1272,276,1391,-181,-43,-69,-3,-818,329
2017-06-20,3582,4872,-3337,-2287,-347,-52,1,2,-652,-2484
2017-06-21,2943,-1847,-368,-143,-86,-409,11,-28,287,742
2017-06-22,758,1827,121,988,-627,672,-165,3,-750,-3062
2017-06-23,-2994,1666,836,1539,-332,-108,29,40,-332,270
2017-06-26,220,431,-374,563,-114,-370,-11,-92,-350,563
2017-06-27,2221,542,-749,-109,-137,-202,194,36,-531,498
2017-06-28,1335,-1811,185,339,271,-98,26,-42,-311,538
2017-06-29,-1667,1000,569,1188,-377,252,-1,-33,-460,468
2017-06-30,1086,-410,540,-907,58,844,65,-16,496,499
2017-07-03,-843,1054,-93,69,-25,175,-75,-11,-227,612
2017-07-04,447,-1929,1214,1412,-50,-452,-58,-21,383,448
2017-07-05,540,-65,256,-141,158,323,-67,-10,-7,337
2017-07-06,1291,2173,-2268,-1863,-35,-568,42,-23,180,518
2017-07-07,636,2757,540,1041,-245,-198,-13,-18,-27,-3951
2017-07-10,-462,-571,714,588,-225,-75,-90,-10,526,271
2017-07-11,-1237,1007,238,-1104,-147,92,-110,-9,1516,459
2017-07-12,1804,3816,-1021,-1471,-84,-172,-53,-8,766,-3124
2017-07-13,-2064,3408,-873,-2578,95,548,248,-40,855,522
2017-07-14,-534,2003,822,1260,-365,-157,-25,-29,139,-1697
2017-07-17,-1130,-388,1639,1362,-183,-461,32,-39,928,441
2017-07-18,610,-2161,1411,1449,44,-491,-12,-43,465,345
2017-07-19,-773,-1003,1753,4671,-278,-1007,-46,-100,-1486,462
2017-07-20,-1451,606,1013,572,-167,739,50,-88,-93,385
2017-07-21,-2170,2901,-61,763,-79,-1472,283,-61,507,-103
2017-07-24,210,-1677,1061,1629,-230,-173,-17,-5,-142,32
2017-07-25,635,-3431,2659,2224,-76,782,11,-13,-268,118
2017-07-26,-1007,-3517,4495,4281,-304,960,-29,-22,-391,-41
2017-07-27,-1365,-2082,2566,2342,235,502,-131,-5,-377,-142
2017-07-28,789,-5600,5442,5175,53,865,-189,-20,-441,-12
2017-07-31,-2606,-2550,4413,3816,263,368,-43,-28,37,295
2017-08-01,-1750,-352,2206,1787,54,515,-16,-43,-91,314
2017-08-02,73,1364,-772,-1070,-43,55,-53,-72,411,275
2017-08-03,3576,-4025,164,1842,-162,-250,-72,-29,-1165,348
2017-08-04,-947,-1634,1852,846,376,131,-4,-28,531,436
2017-08-07,-402,932,244,433,-53,147,-89,-33,-161,411
2017-08-08,431,918,359,-1229,-19,231,7,6,1363,152
2017-08-09,-867,-2552,2598,649,-42,-346,-125,-19,2482,378
2017-08-10,-1702,-2246,4094,2547,182,36,-45,-59,1431,-319
2017-08-11,-702,-5872,5502,5748,-216,15,-756,109,603,339
2017-08-14,-1204,-2572,3679,2177,221,1444,-255,6,84,200
2017-08-16,1572,-1015,314,123,-15,609,-30,3,-376,136
2017-08-17,407,1730,1404,-54,63,1497,-26,-8,-68,155
2017-08-18,539,85,673,28,-164,-136,23,-7,928,290
2017-08-21,508,-202,40,140,-3,163,-25,-33,-202,483
2017-08-22,-1688,639,946,996,29,0,94,3,-175,144
2017-08-23,742,1079,-962,-1133,-46,21,-6,-7,209,184
2017-08-24,-1721,190,898,1038,50,138,-10,10,-329,341
2017-08-25,-1668,-251,1629,1784,-89,64,-47,18,-100,244
2017-08-28,-923,-606,1084,1227,-98,-125,-35,-10,126,326
2017-08-29,2089,-2631,1679,125,129,964,53,-13,420,78
2017-08-30,-1277,-656,1601,421,271,690,-28,-22,269,105
2017-08-31,1277,-1073,180,-206,163,249,-45,0,18,371
2017-09-01,1040,763,-918,-1013,257,66,16,-13,-230,374
2017-09-04,-3434,66,2342,1453,131,271,35,-17,469,226
2017-09-05,-660,-2107,2051,1957,36,-91,-29,-6,184,364
2017-09-06,1073,-3264,1595,2080,-26,-889,-6,-10,446,424
2017-09-07,-2246,707,2414,115,28,42,24,-3,2208,272
2017-09-08,455,150,-521,-75,-236,-235,-26,-9,59,240
2017-09-11,-2332,-1506,3057,3100,-104,-221,4,-32,310,200
2017-09-12,-52,-1850,1881,1260,-93,611,-11,8,105,449
2017-09-13,-606,-73,787,127,83,-73,80,-19,588,248
2017-09-14,1922,-227,756,499,284,552,-49,53,-583,-2145
2017-09-15,108,-845,125,-320,-162,-498,34,9,1062,98
2017-09-18,-1615,2211,-417,-1180,-227,701,17,-9,282,238
2017-09-19,1497,-1433,266,240,-178,398,-81,-12,-102,448
2017-09-20,858,-1881,1448,426,-202,-357,58,8,1515,447
2017-09-21,1807,994,-227,-579,-56,117,-74,-4,370,-768
2017-09-22,451,283,-201,-972,-189,-535,-31,-19,1545,438
2017-09-25,225,-333,87,472,-76,-233,77,-24,-129,518
2017-09-26,-1578,-3771,4169,4039,-119,324,86,-2,-158,365
2017-09-27,1658,-2810,1164,522,96,696,-86,14,-77,743
2017-09-28,1189,-1290,867,-211,40,648,-14,-10,415,597
2017-09-29,-1566,318,1399,-193,-103,1317,-17,12,383,569
2017-10-10,-3104,8196,-2775,-3023,-295,-274,-87,-6,910,546
2017-10-11,538,7020,-2698,-2784,-90,71,-150,-57,312,-2205
2017-10-12,-548,2444,-1149,-682,-41,-524,-17,-90,205,319
2017-10-13,-1135,-349,578,1985,-281,-1330,41,-55,218,399
2017-10-16,-717,-290,678,1124,-122,-474,33,-26,143,497
2017-10-17,1458,-541,516,287,-239,14,-46,-12,512,555
2017-10-18,-62,-293,-244,225,-364,-22,16,-27,-71,852
2017-10-19,-23,13,919,2107,-232,-574,13,-28,-367,149
2017-10-20,-407,2014,-280,-158,75,-135,-10,-6,-45,543
2017-10-23,2042,3151,-425,-79,-267,-152,-27,3,98,976
2017-10-24,684,-1002,798,1122,-346,-290,96,8,207,60
2017-10-25,571,1129,868,-593,-192,3,11,-5,1645,-29
2017-10-26,-363,-257,466,-215,-11,-853,15,-54,1584,2
2017-10-27,-130,1276,-737,67,96,-1534,47,3,584,123
2017-10-30,2620,2805,-3062,-1786,-349,-662,-132,-148,16,80
2017-10-31,-249,4444,-874,-1227,203,-64,-104,30,288,15
2017-11-01,-2305,3047,539,1710,-657,-338,-341,37,129,416
2017-11-02,1546,-19,-894,1124,-385,-1171,-300,-21,-140,419
2017-11-03,-1683,-1477,3870,3707,22,609,-258,-2,-208,436
2017-11-06,1810,1443,-959,-331,-280,-67,88,11,-380,415
2017-11-07,-740,2442,654,-113,-459,745,-79,54,505,-996
2017-11-08,617,528,1058,142,22,1293,-84,13,-327,-451
2017-11-09,2090,-671,-811,1338,-212,-1195,-9,13,-746,433
2017-11-10,1432,-1858,-1883,391,-323,-1094,118,-22,-953,288
2017-11-13,2579,-281,-2285,1721,-439,-2471,-204,-18,-875,330
2017-11-14,-1290,-976,1625,3100,-180,-961,-25,-6,-304,425
2017-11-15,-369,-657,729,2642,-651,-767,403,-13,-886,206
2017-11-16,-798,2867,-1042,362,-416,-737,249,-14,-486,24
2017-11-17,-1419,5554,-965,-1029,-470,417,39,-66,144,331
2017-11-20,899,2140,-229,-1048,251,-143,22,-14,703,345
2017-11-21,-5085,3933,2433,1737,87,393,-18,12,221,186
2017-11-22,-819,424,2865,859,139,1643,-203,-6,433,190
2017-11-23,-24,-763,1842,427,112,271,15,-68,1085,362
2017-11-24,-1059,-1100,1421,437,40,419,18,-14,521,391
2017-11-27,4534,-4533,505,218,156,455,-31,-20,-273,472
2017-11-28,-3766,-1611,1885,958,123,821,90,4,-112,3368
2017-11-29,-806,-1602,1500,901,-10,256,39,-21,336,402
2017-11-30,1933,-5999,4025,3260,435,-57,-4,-74,466,362
2017-12-01,1405,-1945,1388,308,266,498,62,132,123,-363
2017-12-04,-2582,1505,1746,773,131,477,10,-15,370,228
2017-12-05,-3475,331,2610,1031,192,977,58,-31,382,225
2017-12-06,2515,-3387,895,1649,30,-927,-15,-20,178,497
2017-12-07,-448,-3411,4313,4702,73,-481,5,-82,97,-1084
2017-12-08,388,-1019,1477,1263,0,426,22,-50,-184,254
2017-12-11,-916,-1655,2020,1410,403,512,-171,125,-258,271
2017-12-12,1475,-2388,1305,748,107,204,61,135,50,347
2017-12-13,-5119,-2049,6016,4522,121,598,315,-31,490,227
2017-12-14,-3781,3815,491,-1630,305,748,221,67,781,80
2017-12-15,-2570,-2022,3137,2952,320,-277,-90,-8,239,373
2017-12-18,-1294,-1648,2367,2645,-49,211,-353,11,-98,317
2017-12-19,-3572,641,2550,2546,-7,430,-582,-9,173,88
2017-12-20,-3681,-3067,5301,5854,-374,-204,-288,-9,322,581
2017-12-21,-84,-3281,3210,3600,-300,-354,-267,70,461,246
2017-12-22,-8491,1329,3206,2598,502,164,-101,6,37,3296
2017-12-26,-8944,246,8272,6757,349,1398,-145,-32,-55,61
2017-12-27,4659,-1156,-1078,-1175,162,224,-103,37,-223,187
2017-12-28,-2129,1793,280,-399,358,447,-75,-21,-30,25
2018-01-02,-267,2657,-2343,-1847,149,-746,-65,72,93,395
2018-01-03,-242,4006,-3763,-4629,271,345,69,-21,201,230
2018-01-04,442,3396,-3544,-3617,64,148,-61,56,-134,43
2018-01-05,-3705,2466,542,-1189,475,698,53,-7,512,226
2018-01-08,-3512,3911,-803,-841,46,225,-26,-90,-117,477
2018-01-09,-2606,436,1690,1187,-74,39,34,17,487,46
2018-01-10,1303,-2804,728,1379,-516,-34,-41,164,-224,493
2018-01-11,3170,1743,-4919,-3107,550,-585,-109,-1036,-632,522
2018-01-12,-871,-1179,1434,959,-140,564,-74,-51,175,404
2018-01-15,-698,243,-73,67,12,479,-27,129,-734,309
2018-01-16,-2777,2798,158,-42,102,534,-124,46,-356,258
2018-01-17,1733,658,-2772,-556,-179,-1938,-67,10,-42,469
2018-01-18,915,934,-1759,-1326,-68,-189,62,19,-256,370
2018-01-19,-91,-808,-196,-361,28,232,9,-20,-85,491
2018-01-22,2471,-1766,-351,-1124,-72,461,-140,16,507,26
2018-01-23,-5925,2163,2748,2565,137,680,76,63,-772,360
2018-01-24,-2813,-143,1994,3594,-304,-452,-81,-56,-706,531
2018-01-25,-7154,3772,2500,3238,49,-690,-33,-12,-52,402
2018-01-26,-3853,1832,1305,1833,1219,-1366,-203,-57,-121,876
2018-01-29,-7116,3246,3840,1208,1485,685,40,-74,497,277
2018-01-30,2534,-1175,-924,-829,-1,-59,-21,-57,44,122
2018-01-31,7941,-6630,-2374,-652,192,219,-22,-24,-2087,546
2018-02-01,2170,-2718,772,933,230,-204,37,20,-243,259
2018-02-02,7374,-4728,-2056,-1199,74,112,-43,-41,-959,76
2018-02-05,4955,-4555,-267,-932,588,1502,-68,-28,-1329,17
2018-02-06,1565,-2813,544,-2176,626,1448,0,84,563,167
2018-02-07,9264,-1961,-6900,-7142,342,298,-31,-53,-314,46
2018-02-08,2437,884,-3605,-6159,309,1885,-54,9,406,138
2018-02-09,2761,-3170,-514,-2180,81,1268,-403,-1,721,187
2018-02-12,971,-802,-1391,-2790,412,1554,17,-16,-567,-7
2018-02-13,-1661,3315,-1658,-2265,140,1224,-42,-19,-696,223
2018-02-14,-2054,1068,373,541,68,446,37,5,-724,-91
2018-02-19,-730,285,535,815,-188,369,78,-50,-490,121
2018-02-20,2550,290,-2446,-1572,-365,-431,-47,-105,74,138
2018-02-21,74,-992,1053,-427,82,-378,54,20,1703,-202
2018-02-22,1996,-975,-1301,-1424,-96,-57,-13,5,284,55
2018-02-23,-5230,1576,3375,2574,102,545,28,-35,161,-93
2018-02-26,-1373,-1813,3286,2736,197,283,-29,-2,102,-322
2018-02-27,-1895,58,2251,881,289,482,-72,-3,675,-194
2018-02-28,1075,1439,-1860,-2296,430,-329,-23,-9,367,134
2018-03-02,5344,-2328,-2863,-3014,459,-377,63,-3,8,-285
2018-03-05,3205,-903,-2148,-1683,76,-716,35,-37,177,-180
2018-03-06,-1713,135,1034,-297,107,1128,107,25,-36,-25
2018-03-07,3585,-2574,-524,-1041,167,-353,70,23,609,47
2018-03-08,-4264,-1755,5739,4814,790,-470,-34,3,636,58
2018-03-09,-4900,1960,2015,1026,37,851,178,-64,-12,-5
2018-03-12,-2917,1936,618,119,-252,589,125,19,19,-29
2018-03-13,-3103,5923,-2278,-1894,-273,-494,11,-14,385,-64
2018-03-14,2841,-1273,-2301,-1095,-525,-686,-68,3,70,-117
2018-03-15,195,-399,-121,-373,-243,-274,129,-10,649,-70
2018-03-16,12,1665,-196,-361,-19,-130,94,-3,222,-1054
2018-03-19,1483,-845,-309,-22,-66,-396,12,25,139,-119
2018-03-20,63,-1231,571,1174,-59,-835,159,-4,135,125
2018-03-21,-637,-682,831,1277,-128,-438,-30,15,134,-6
2018-03-22,-2987,2118,1553,1561,-283,-170,44,-15,416,85
2018-03-23,7518,-1332,-5070,-3701,-16,-1211,16,-78,-79,237
2018-03-26,520,-1018,-35,-272,314,-27,-55,-11,16,26
2018-03-27,-898,94,732,495,146,-86,61,44,72,-8
2018-03-28,2766,-2515,-305,-1335,-87,422,275,-52,473,28
2018-03-29,5778,-2700,-265,-22,-185,475,19,14,-567,-3412
2018-03-30,-1153,-1684,2851,1850,25,751,-20,-39,283,-96
2018-04-02,738,-256,-58,208,-177,245,-32,13,-315,-253
2018-04-03,1289,-1049,193,240,33,345,-10,-45,-370,-60
2018-04-04,5286,-1970,-2547,-2730,-136,303,-9,-12,36,193
2018-04-05,-2736,1453,742,-98,63,300,69,61,348,58
2018-04-06,2289,-2365,-370,742,-81,-730,32,-37,-295,-91
2018-04-09,-558,-551,792,766,-79,-22,-15,4,139,-18
2018-04-10,327,-1184,1214,294,164,510,18,-44,271,-228
2018-04-11,1981,4645,-440,-1735,-9,156,-12,47,1114,-5640
2018-04-12,-731,2323,-1454,-2234,105,171,98,-24,430,-97
2018-04-13,-36,529,-1128,-1985,220,194,22,28,393,-38
2018-04-16,658,-372,-21,325,-203,-92,17,58,-126,-183
2018-04-17,2220,-2766,412,551,-211,-137,-15,-15,239,53
2018-04-18,-3882,3510,985,787,268,152,5,-38,-190,-82
2018-04-19,646,1816,-2091,-1057,114,-987,19,-117,-63,-54
2018-04-20,3422,-4911,827,1250,19,-666,-59,-30,312,-150
2018-04-23,3143,-2933,554,335,-4,80,-54,-38,236,-290
2018-04-24,2707,-4390,2126,1251,215,70,11,-15,594,-3
2018-04-25,6137,-7657,367,-642,143,-67,-32,-27,991,1412
2018-04-26,14,1722,-1651,-985,250,-968,-38,-47,137,-70
2018-04-27,2576,1599,-3759,-1535,-468,-2147,-63,-50,503,-72
2018-04-30,-1892,2431,-29,-376,-110,586,-71,-23,-35,-428
2018-05-02,2791,-1668,-1251,-639,-166,-535,-66,-15,170,44
2018-05-03,2597,-3233,34,86,-86,49,-38,-26,49,454
2018-05-04,7640,-226,-7329,-4045,-415,-2919,-113,-2,165,-160
2018-05-08,1015,-323,-1332,77,-100,-1708,-15,55,360,571
2018-05-09,-414,-2285,2244,1862,149,-166,-34,-4,437,308
2018-05-10,-730,-401,978,1402,113,-843,-49,10,345,333
2018-05-11,-4180,1996,970,821,195,-676,56,-4,578,335
2018-05-14,-1011,-955,2024,1927,-5,69,-95,1,127,266
2018-05-15,3949,-2402,-1484,-1101,-109,-148,-109,-41,24,402
2018-05-16,-1750,111,1877,758,117,-394,-61,-96,1553,-847
2018-05-17,1455,-2708,843,984,-68,-296,-83,-55,361,183
2018-05-18,-1541,-385,1404,680,3,478,-58,-37,339,415
2018-05-21,69,-762,413,452,-34,-368,-146,54,454,360
2018-05-23,-712,2755,-2250,-2809,-246,486,-104,-66,489,596
2018-05-24,851,331,-1861,-900,-5,-917,3,-6,-35,878
2018-05-25,-4810,3340,1279,-475,167,333,168,-84,1170,293
2018-05-28,2649,-1611,-1540,-518,40,-685,-106,-47,-223,354
2018-05-29,3115,-2284,-780,-793,54,-620,-224,99,703,384
2018-05-30,10151,-6905,-3527,-3438,581,-695,37,83,-96,775
2018-05-31,2412,9500,-12717,-1035,-12796,450,61,64,538,464
2018-06-01,-1315,2408,-1076,-1685,-109,673,53,-41,33,160
2018-06-04,-912,161,586,-483,92,755,-8,112,118,187
2018-06-05,920,-89,-476,-1311,152,359,19,14,292,117
2018-06-07,-3160,1400,982,786,72,139,11,26,-52,59
2018-06-08,5015,1294,-5607,-4168,-204,-1328,9,36,47,298
2018-06-11,-2575,-108,1170,1265,-24,447,-196,-6,-316,-135
2018-06-12,-93,-1260,1211,2035,-456,-6,-12,-12,-338,58
2018-06-14,5021,-4766,283,2651,3,-1608,61,5,-829,220
2018-06-15,2670,-5493,1446,1975,-122,-494,9,24,54,71
2018-06-18,-1124,-3195,4117,5140,109,-849,-122,-21,-141,37
2018-06-19,1406,-2154,604,1860,-296,-425,-153,-79,-303,427
2018-06-20,-1179,1144,295,-523,316,516,-116,268,-167,217
2018-06-21,4107,-1294,-2846,-2409,-63,-475,-109,56,153,212
2018-06-22,-88,57,538,-38,272,499,105,4,-303,274
2018-06-25,87,-1112,1683,831,99,587,38,29,99,12
2018-06-26,1169,-3228,3834,3464,-21,400,10,23,-41,-610
2018-06-27,802,1580,-1841,-1441,245,-253,-37,26,-381,271
2018-06-28,1130,-2881,790,1021,13,30,-48,8,-234,351
2018-06-29,-553,1666,-797,-2645,167,1386,17,12,266,299
2018-07-02,2427,1155,-3666,-1759,-323,-904,-114,-53,-513,426
2018-07-03,-467,2013,-2055,34,102,-445,-198,-166,-1383,244
2018-07-04,1292,1,-1486,-496,-26,-240,-20,-57,-647,234
2018-07-05,319,-953,205,815,-32,-70,-38,-69,-401,174
2018-07-06,-1030,-3811,4252,2458,78,1349,89,-35,313,261
2018-07-09,-752,-592,1744,2438,-135,-208,24,-10,-365,124
2018-07-10,193,317,768,-321,409,572,14,-2,96,635
2018-07-11,1351,2016,-160,-709,23,425,25,-7,82,-2118
2018-07-12,880,-178,-716,-484,149,175,29,-28,-557,157
2018-07-13,-1374,2248,-1193,-634,-96,76,-60,34,-512,76
2018-07-16,2883,-457,-2661,-1141,-198,-675,-43,30,-634,226
2018-07-17,1342,-890,265,279,15,331,-75,-30,-256,-977
2018-07-18,1637,914,-2167,-1433,-147,-395,11,-5,-198,76
2018-07-19,-321,518,-80,-18,51,342,-4,-26,-425,-16
2018-07-20,526,-1213,450,1520,18,-537,-15,-9,-528,36
2018-07-23,-1418,-314,2304,4771,-241,-1293,-66,-30,-837,-588
2018-07-24,-3043,634,2427,2207,66,386,1,-16,-217,15
2018-07-25,-1283,-1496,2357,1991,292,21,112,-2,-56,-16
2018-07-26,-1706,1285,45,84,-132,510,15,1,-432,26
2018-07-27,-845,1632,-1064,29,62,-600,0,-22,-532,17
2018-07-30,32,1614,-1711,-1864,-95,207,-22,-3,66,348
2018-07-31,-317,-711,725,543,-136,500,8,13,-203,268
2018-08-01,-651,1714,-1092,-1142,191,311,1,-7,-447,343
2018-08-02,3740,-480,-2640,-1645,-197,-400,43,28,-468,501
2018-08-03,-886,1439,-444,-856,55,426,7,17,-93,257
2018-08-06,179,18,-737,533,-156,-224,1,-16,-877,451
2018-08-07,-62,578,-943,-802,-25,463,40,-34,-584,583
2018-08-08,-1248,3579,-1164,-1346,31,456,43,-1,-347,-1180
2018-08-09,140,-2239,1854,2968,-54,-10,-50,30,-1029,676
2018-08-10,1519,-1122,-1230,-119,-235,-202,-31,-121,-522,486
2018-08-13,1029,-1740,-680,1462,-309,-673,-64,-123,-973,558
2018-08-14,-1321,-88,945,1062,286,114,45,-74,-487,523
2018-08-16,1783,-2423,-365,379,145,-396,0,-179,-314,703
2018-08-17,859,1027,-1542,-1626,170,30,-11,-5,-100,655
2018-08-20,-98,-555,-217,331,-135,-249,-63,-10,-89,560
2018-08-21,-1512,1069,-267,-1523,80,810,20,15,332,619
2018-08-22,1368,2082,-3664,-2808,98,-145,-18,-8,-782,756
2018-08-23,-448,1736,-1670,-883,51,-503,3,22,-359,629
2018-08-24,-1995,784,249,-335,-43,448,-34,9,206,643
2018-08-27,-2427,2384,-482,-66,-103,-217,24,-55,-66,485
2018-08-28,-1647,1432,-780,-85,-195,-300,-98,-62,-41,671
2018-08-29,-2217,1150,4741,4412,89,-78,17,-24,326,-3211
2018-08-30,660,2215,-2665,-2466,-135,-499,54,-21,401,331
2018-08-31,-1687,3966,-2133,-2068,-15,-119,49,-25,44,363
2018-09-03,2376,-2160,-809,65,-127,-825,-59,-16,152,524
2018-09-04,-340,220,-419,-483,-103,121,8,-4,41,254
2018-09-05,2473,-980,-1855,-860,-250,-852,25,-40,122,465
2018-09-06,1148,-2924,727,776,104,-162,-16,-43,68,651
2018-09-07,2196,-7736,4395,4006,-22,346,-62,10,117,466
2018-09-10,-412,1240,-342,-787,-158,688,-86,-21,22,440
2018-09-11,1923,-1889,-224,415,-273,-413,-35,-36,118,398
2018-09-12,1840,-4154,1556,2234,-404,-327,-63,0,116,324
2018-09-13,388,-2684,4718,4734,112,86,-51,29,-191,315
2018-09-14,-4833,2048,1181,58,-10,1232,25,31,-154,84
2018-09-17,690,1767,-1784,-1883,-6,-198,-24,2,324,295
2018-09-18,-475,-830,462,641,-195,-220,-19,-22,276,308
2018-09-19,-1095,3861,286,86,-72,-49,-6,20,306,-2908
2018-09-20,-4134,2953,29,-610,-96,500,-36,-47,318,207
2018-09-21,-2021,8246,-1119,375,-3308,1358,-33,7,482,-5441
2018-09-27,-1362,2294,-1250,-484,-409,-371,-14,23,5,376
2018-09-28,1305,-2246,1349,2411,-239,-342,-99,1,-382,297
2018-10-01,1242,-535,-394,-750,-39,199,-28,-8,232,176
2018-10-02,3089,-2421,-912,415,64,-936,-2,-24,-429,171
2018-10-04,5811,-5320,-422,1681,-249,-1210,-202,-11,-431,85
2018-10-05,2024,-3318,1725,824,-16,764,-43,-5,201,166
2018-10-08,1330,-1789,694,234,45,91,23,111,189,134
2018-10-10,1008,-2305,1020,2001,-23,-651,-157,49,-200,133
2018-10-11,2165,-4867,2679,2870,164,-749,-83,-94,570,232
2018-10-12,-1006,742,-187,-2639,618,1279,-29,-19,605,330
2018-10-15,2990,210,-3548,-2702,35,-850,17,-36,-13,56
2018-10-16,1695,-673,-1436,-950,-63,-188,-41,-1,-192,240
2018-10-17,-51,62,114,-89,91,134,29,25,-76,-40
2018-10-18,2641,-536,-2037,-503,-259,-873,-36,177,-544,61
2018-10-19,-169,-1727,1593,982,89,467,-20,22,53,6
2018-10-22,648,-1109,225,-211,-26,551,10,26,-126,12
2018-10-23,6413,-5654,-898,1151,-532,-953,61,-101,-524,203
2018-10-24,-2612,-3286,5913,7312,-115,-406,-88,-99,-691,112
2018-10-25,-2814,-3615,5856,6289,239,19,-146,-137,-409,134
2018-10-26,573,-1761,1320,1415,307,-810,130,-3,281,139
2018-10-29,-4880,-1608,6613,5457,314,549,-191,-9,492,110
2018-10-30,-3582,-1834,5258,1222,629,1331,64,-22,2035,246
2018-10-31,2585,1353,-3206,-5902,87,2192,37,-48,429,183
2018-11-01,1088,2928,-3796,-3549,-102,-265,112,-66,73,194
2018-11-02,-4638,4407,-105,-2679,170,1850,113,-40,480,105
2018-11-05,5175,-638,-4139,-3698,-214,-185,-22,-8,-12,192
2018-11-06,1718,20,-1696,-819,-138,-733,-10,-82,85,128
2018-11-07,969,-654,132,-1440,26,690,7,-38,888,272
2018-11-08,-2749,4916,-1738,-1595,20,-228,-2,16,50,133
2018-11-09,2288,481,-3393,-2421,-238,-933,-9,8,201,332
2018-11-12,-1158,402,145,785,-215,-818,-47,-8,447,94
2018-11-13,241,-3036,1686,1362,241,-111,10,1,183,34
2018-11-14,699,-1322,-13,503,-90,-292,-50,111,-195,435
2018-11-15,-1011,-1697,2360,1347,23,900,18,22,50,-9
2018-11-16,192,-209,178,-951,-73,800,-44,-25,470,-78
2018-11-19,-584,-924,1670,1667,-287,161,29,22,79,-83
2018-11-20,298,-2529,2034,2669,-18,-662,-38,-23,106,1363
2018-11-21,716,-3905,2952,2356,312,181,-12,23,92,-80
2018-11-22,1422,-437,-864,167,-273,-693,-41,17,-41,15
2018-11-23,967,368,-1311,-423,159,-999,-32,11,-28,88
2018-11-26,-4217,-358,4065,3188,3,442,-30,13,449,82
2018-11-27,-2168,1951,517,-1003,12,900,4,18,586,21
2018-11-28,-1542,942,439,-129,-51,406,-22,19,216,329
2018-11-29,-2716,3260,-200,-854,128,374,-9,-21,182,15
2018-11-30,1293,-366,-28,705,-70,-560,-36,-24,-42,-1220
2018-12-03,-4541,3250,1741,484,176,881,-17,-140,357,-15
2018-12-04,2198,1230,-3565,-2269,-42,-1071,-6,6,-183,176
2018-12-05,1051,-1973,504,1806,-169,-865,-73,-31,-164,-9
2018-12-06,3485,-3841,13,1622,23,-1222,-47,9,-372,121
2018-12-07,116,284,-149,1404,-211,-1154,-27,97,-258,181
2018-12-10,1340,-2720,1171,3315,-122,-1752,-106,-6,-157,205
2018-12-11,619,-1750,1048,3713,-326,-1613,-114,38,-650,97
2018-12-12,-2680,-413,3086,3428,-204,-174,-33,12,58,23
2018-12-13,-1716,4831,-3120,-2274,9,960,115,-17,-1913,17
2018-12-14,1829,-922,-1221,-42,-426,-755,-51,33,20,298
2018-12-17,-2582,660,2039,2231,463,-235,16,12,-448,-110
2018-12-18,-1551,-1705,3139,2697,231,331,-39,-6,-75,121
2018-12-19,-2550,108,2551,1992,-41,660,-80,-5,25,-91
2018-12-20,-92,-415,633,428,-272,441,-54,-27,118,-123
2018-12-21,-2544,-2224,4960,3356,41,1114,-107,-43,599,-163
2018-12-24,-2675,64,2491,917,-294,1344,-153,-137,814,117
2018-12-26,-4710,610,3791,1940,468,1226,-132,-307,596,348
2018-12-27,3005,2394,-5459,-5025,30,528,-205,148,-936,34
2018-12-28,-343,2026,-1634,-1165,261,56,-208,24,-601,-48
2019-01-02,3093,-276,-3024,-1617,-182,-1081,-22,34,-156,193
2019-01-03,617,1016,-1684,-812,88,-229,1,-1,-730,45
2019-01-04,-1044,-1261,2264,569,41,591,-48,-15,1127,14
2019-01-07,-2046,560,1646,544,-391,1350,-10,-2,153,-159
2019-01-08,334,-255,-87,-229,46,-25,1,1,118,10
2019-01-09,-5146,3849,1394,-808,332,1609,76,5,180,-94
2019-01-10,-92,2729,-2619,-2979,12,71,-27,-44,347,-21
2019-01-11,-1277,1776,-804,-1466,-14,-379,-6,12,1049,311
2019-01-14,758,948,-1792,-2153,-109,-337,-16,21,801,87
2019-01-15,-4110,1230,2880,582,27,251,21,52,1947,2
2019-01-16,-867,1009,-205,-745,-33,-46,-24,-48,690,77
2019-01-17,-132,2353,-2116,-1644,-136,-630,-8,-11,313,-96
2019-01-18,-2100,1141,996,475,1,-412,-31,14,949,-15
2019-01-21,-1396,661,532,163,-124,-468,3,6,952,218
2019-01-22,-186,1349,-1242,-305,-191,-979,-67,-2,303,85
2019-01-23,-3473,-977,4458,3839,3,-663,25,3,1252,21
2019-01-24,-1752,4954,-3187,-2043,13,-256,-24,-2,-876,-19
2019-01-25,-8834,8214,876,731,-182,25,-12,-71,386,-208
2019-01-28,-422,3577,-3051,-1257,-306,-733,-62,-127,-566,-100
2019-01-29,201,1940,-2079,-1013,-227,-849,1,-848,858,-32
2019-01-30,-3273,3138,157,1116,-188,-1003,33,-24,222,17
2019-01-31,-1146,2824,-1744,-222,-154,-214,-10,-23,-1121,57
2019-02-01,-749,2657,-2145,-1155,-239,-129,-35,-29,-558,227
2019-02-07,695,1614,-2510,-1487,-310,-401,-24,-8,-280,209
2019-02-08,3313,-2769,-725,1278,-515,-1132,-33,-1,-323,215
2019-02-11,1156,-582,-733,599,-745,-313,-50,9,-232,150
2019-02-12,-147,-379,469,1042,-273,-256,18,12,-75,54
2019-02-13,-1261,-288,1343,1454,-244,-223,-71,2,425,224
2019-02-14,-1926,-475,2427,3875,-470,-508,-81,-6,-383,-25
2019-02-15,1985,-1792,-449,-527,-211,-428,42,2,672,242
2019-02-18,-3241,457,2664,2626,-164,-354,17,-8,547,121
2019-02-19,-1388,-67,1419,1093,-116,-136,17,-11,574,45
2019-02-20,-4300,4363,-76,77,-33,63,-1,-62,-121,31
2019-02-21,-117,2079,-2048,-1307,-178,-310,-17,-59,-177,82
2019-02-22,-342,-43,401,569,-39,-489,10,-14,365,-14
2019-02-25,91,-796,803,1468,-289,-156,-21,-6,-194,-98
2019-02-26,-299,536,-111,12,-114,-257,20,0,227,-115
2019-02-27,-1116,-573,1519,1792,-148,-675,-16,11,556,170
2019-02-28,-618,-2533,3169,3873,-441,-512,78,-25,196,-15
2019-03-04,403,-1321,767,2942,-565,-1270,6,1,-348,149
2019-03-05,2444,-1578,-919,1068,-135,-1100,-14,-20,-719,46
2019-03-06,654,56,-532,41,137,231,-34,10,-917,-182
2019-03-07,1108,-6,-1130,380,-229,-848,20,-14,-439,18
2019-03-08,2932,-1745,-1274,-342,72,-1059,14,-18,59,81
2019-03-11,894,-1792,166,751,292,-852,8,6,-39,733
2019-03-12,-225,-23,824,1608,-254,-298,25,35,-293,-576
2019-03-13,957,1000,-2031,-606,-58,-841,-13,-30,-483,74
2019-03-14,1416,2858,-4344,-992,-76,-159,-10,-256,-2850,60
2019-03-15,-4963,-1337,6284,4484,143,392,22,-19,1263,21
2019-03-18,-1868,-491,2287,1582,-75,366,11,9,394,69
2019-03-19,369,-124,-158,-165,148,-42,34,29,-163,-87
2019-03-20,856,-1218,387,500,48,-294,17,-7,123,-7
2019-03-21,-3264,4864,-1515,-3675,201,1190,13,17,739,-62
2019-03-22,471,5031,-5618,-2973,161,17,-2578,10,-255,133
2019-03-25,2692,-721,-2191,-1014,-19,-725,24,22,-478,207
2019-03-26,1557,365,-1915,-830,-111,-991,-12,2,28,-15
2019-03-27,192,-1558,1202,148,66,160,33,-14,808,168
2019-03-28,837,-141,-832,-844,98,304,35,-20,-405,134
2019-03-29,-1560,892,597,-32,108,529,66,-10,-65,73
2019-04-01,-4381,2488,1846,100,122,1056,8,29,530,44
2019-04-02,-1036,2743,-1506,-2164,202,242,52,77,85,-192
2019-04-03,-4644,1447,2008,608,75,138,-19,-20,1226,1204
2019-04-04,-3797,2462,1378,2176,-150,-198,34,-37,-447,-30
2019-04-05,-1544,1003,616,1244,-134,-509,28,9,-22,-68
2019-04-08,-1181,2735,-1566,-376,-93,-161,-8,32,-960,16
2019-04-09,-1740,2099,-332,-96,-88,82,-3,39,-266,-18
2019-04-10,-2280,-35,2335,3013,-140,-712,-3,5,172,-22
2019-04-11,-1512,3245,-1606,344,-262,-765,-58,10,-874,-90
2019-04-12,-1657,2447,-558,41,-146,-517,-71,-21,156,-231
2019-04-15,466,1780,-2189,-391,-194,-1093,-11,-27,-473,-58
2019-04-16,-949,1539,-539,-643,-139,134,-42,-51,202,-39
2019-04-17,-589,760,14,145,-157,84,-35,-152,130,-182
2019-04-18,2959,-1338,-1290,-313,-112,-257,-21,-59,-528,-349
2019-04-19,178,-576,351,-415,200,541,-34,-9,68,38
2019-04-22,702,-136,-502,-1327,-40,146,-10,-15,743,-13
2019-04-23,180,399,-707,-517,-260,-64,-25,27,132,120
2019-04-24,4030,235,-4214,-3287,-134,-546,-36,15,-227,-47
2019-04-25,629,-178,-446,143,-150,-616,-15,-39,231,-18
2019-04-26,1401,347,-1844,-1578,-111,-850,0,1,694,88
2019-04-29,-2833,36,2785,2419,-35,45,-34,-35,424,19
2019-04-30,119,418,-573,-868,86,324,2,-13,-103,24
2019-05-02,-1025,676,170,-259,-1,174,81,-15,190,174
2019-05-03,2417,1509,-4075,-3523,22,-287,10,-38,-259,137
2019-05-07,2823,2018,-4787,-4992,-212,203,29,-21,206,-63
2019-05-08,493,91,-631,-646,45,-371,-53,-4,398,49
2019-05-09,8157,-2037,-6465,-3433,-97,-1672,123,13,-1399,323
2019-05-10,2969,-3233,13,-1097,270,197,-12,-189,844,242
2019-05-13,2581,-1392,-1314,-490,6,-1169,-13,-27,380,106
2019-05-14,-603,-2851,3368,1244,215,599,-52,36,1327,86
2019-05-15,1082,-792,-484,-2022,265,1075,21,4,173,178
2019-05-16,4114,-4687,367,-1129,275,669,20,0,531,198
2019-05-17,1825,-1993,42,-680,227,339,-35,-16,207,127
2019-05-20,370,-197,96,247,38,185,-23,-19,-331,-288
2019-05-21,-95,746,-730,-1205,-32,400,8,-3,102,81
2019-05-22,728,41,-925,-1105,111,197,32,139,-297,143
2019-05-23,150,820,-962,-1022,191,-58,6,55,-136,3
2019-05-24,-13,-3098,3069,1884,51,-231,0,182,1183,45
2019-05-27,229,-1947,1711,1167,60,111,-9,-16,398,0
2019-05-28,1199,-7189,6227,1700,236,1350,55,8,2879,-235
2019-05-29,1932,-3830,1927,1640,797,-58,16,23,-491,-44
2019-05-30,-720,480,217,-1359,1052,466,15,29,15,19
2019-05-31,-613,2058,-1460,-2860,620,603,7,6,162,11
2019-06-03,-1933,2939,-986,-4396,514,454,17,35,2391,5
2019-06-04,32,-2015,1935,-1116,228,270,-2,17,2539,34
2019-06-05,567,-1544,985,-1035,-43,809,11,14,1229,7
2019-06-07,-401,-344,658,-76,7,-92,5,31,783,76
2019-06-10,-3384,1831,1673,-200,-121,100,11,4,1880,-107
2019-06-11,-2665,1108,2035,626,-9,40,17,-89,1449,-62
2019-06-12,-963,-23,1016,-203,-62,-39,-20,36,1303,-30
2019-06-13,1317,-1670,515,252,-23,-605,2,11,879,-175
2019-06-14,1577,-688,-922,-1642,-85,-196,-12,25,989,39
2019-06-17,78,-1511,1404,1160,-174,-639,-15,-139,1210,19
2019-06-18,-1295,2610,869,511,-166,7,-27,13,531,-2192
2019-06-19,-4605,3050,1693,332,102,564,22,-2,676,-92
2019-06-20,-1485,-169,1645,390,-93,255,14,-92,1170,24
2019-06-21,1187,135,-1309,-613,-103,-367,7,-76,-157,-11
2019-06-24,-728,-990,1637,1096,-516,14,-31,-71,1144,83
2019-06-25,-211,-17,88,-273,-44,-301,-45,-205,956,123
2019-06-26,-736,176,610,-322,-196,-27,9,3,1142,-38
2019-06-27,-4058,1572,2671,92,-223,368,-76,12,2497,-172
2019-06-28,-1995,3133,-1097,-212,-157,-291,-13,5,-430,-31
2019-07-01,-191,1552,61,378,7,-220,-11,-110,17,-1415
2019-07-02,240,337,-515,-135,-162,7,21,6,-252,-68
2019-07-03,1562,-860,-675,306,-793,-258,4,0,65,-27
2019-07-04,-238,398,-93,649,33,-313,-11,-23,-428,-69
2019-07-05,-1050,-242,1263,2076,-209,-176,-58,0,-370,37
2019-07-08,499,5,-498,332,1,-183,18,-20,-645,-19
2019-07-09,826,230,-1149,-260,-220,-22,-86,-7,-555,83
2019-07-10,-13,2028,-1882,-1360,-121,-126,-110,-1,-163,-138
2019-07-11,-1993,3657,-1782,-2091,18,174,-12,-1,130,126
2019-07-12,168,-58,-64,79,22,131,-9,6,-293,-45
2019-07-15,-494,141,253,79,-117,262,-36,-72,136,99
2019-07-16,-2157,2515,-315,73,-22,89,-40,-35,-381,-40
2019-07-17,587,228,-745,-88,-99,-509,-36,-23,12,-75
2019-07-18,1002,691,-1729,-358,-74,-360,-259,-52,-626,18
2019-07-19,-4632,1329,3381,2558,-17,134,-219,-17,942,-56
2019-07-22,-647,2336,-1686,-1216,-63,-103,-65,-13,-225,-3
2019-07-23,-2833,2858,37,96,-43,-444,-32,-53,513,-61
2019-07-24,533,585,-1140,258,21,-936,-263,-93,-127,22
2019-07-25,457,1130,-1536,-211,161,-721,-1,-25,-739,-45
2019-07-26,-221,1176,-1032,188,-32,-929,32,-92,-198,68
2019-07-29,-767,-639,1350,1626,15,-493,-91,0,293,42
2019-07-30,-1469,1413,39,-205,114,254,-15,-4,-104,21
2019-07-31,-774,-493,1209,1015,192,-127,-34,-3,167,61
2019-08-01,-873,-45,836,-478,308,470,48,25,463,88
2019-08-02,143,-3985,3626,-1622,-127,717,12,19,4626,211
2019-08-05,-4437,-3142,7355,2884,100,-499,-312,-26,5207,251
2019-08-06,-4439,-6051,10337,5221,367,483,-75,13,4328,158
2019-08-07,1769,-991,-990,-1477,-35,149,34,-27,366,201
2019-08-08,2390,-1018,-1417,-1448,-7,360,-9,30,-344,44
2019-08-09,2152,-48,-2292,-2138,-52,-111,-21,-31,62,183
2019-08-12,1841,-34,-1854,-1942,-47,-200,17,-44,363,36
2019-08-13,1558,-1745,-24,-545,-50,-638,16,-2,1196,230
2019-08-14,520,-503,-243,-1492,332,406,-8,28,491,225
2019-08-16,549,-936,153,-555,144,-244,43,21,744,235
2019-08-19,-573,-1390,1869,470,70,214,-4,1,1118,96
2019-08-20,-600,1136,-723,-792,166,41,-41,-23,-74,193
2019-08-21,1005,-1281,48,-1094,-69,-313,-11,11,1524,222
2019-08-22,1619,-1236,-512,-1389,129,121,7,-7,627,123
2019-08-23,-912,77,664,-98,110,8,7,2,635,174
2019-08-26,534,-1188,709,466,-67,-348,63,-11,606,-68
2019-08-27,-309,-1186,1313,187,-21,635,-3,-1,516,177
2019-08-28,-749,-511,1062,-651,275,463,4,4,968,208
2019-08-29,524,-1126,455,-953,157,234,38,-10,989,151
2019-08-30,-3982,2271,1652,579,51,645,-107,-14,498,87
2019-09-02,-196,-1245,1322,151,79,28,7,-2,1058,116
2019-09-03,404,-3048,2491,468,-150,176,8,8,1980,155
2019-09-04,-1496,-3503,4830,3431,11,-30,-19,15,1421,169
2019-09-05,-2844,1891,929,337,22,366,-7,21,192,34
2019-09-06,-338,484,-199,-646,-55,-114,14,16,585,54
2019-09-09,-1730,2355,-747,-404,-117,-470,-5,1,248,141
2019-09-10,-1919,153,1713,381,85,16,18,-18,1232,60
2019-09-11,-3344,-2828,6135,3512,-205,-342,20,5,3143,47
2019-09-16,-457,-1592,1982,-500,-171,-135,-10,27,2771,77
2019-09-17,-313,-798,962,-481,-267,-289,-14,1,2011,156
2019-09-18,-1616,591,1075,-180,-362,-265,-62,-14,1957,-18
2019-09-19,-1011,2199,-993,-1599,-232,-571,-30,7,1431,-178
2019-09-20,-2147,447,1816,-745,-75,-209,-40,-5,2890,-114
2019-09-23,-223,-697,839,150,-228,-512,-52,0,1481,73
2019-09-24,-1620,-2156,3780,2050,-264,-362,-20,-2,2377,3
2019-09-25,2226,-3670,1291,2968,-645,-1219,-5,-24,217,143
2019-09-26,518,3160,-3848,230,-152,-385,-3596,-15,69,171
2019-09-27,1995,-249,-1755,-502,-450,-424,31,10,-421,9
2019-09-30,-981,-9,812,-251,60,131,-30,-12,914,174
2019-10-01,-1585,-1434,2951,1483,-3,494,23,41,912,60
2019-10-02,5022,-1149,-3809,-1709,-80,-491,95,19,-1644,-88
2019-10-04,1001,-1490,243,-302,10,-185,-21,13,727,247
2019-10-07,-423,-220,440,-18,-1,26,17,1,415,212
2019-10-08,-2551,-456,3035,1658,-78,162,-80,6,1367,-23
2019-10-10,2281,-1388,-954,-2439,183,186,171,13,932,49
2019-10-11,-1562,1115,438,-344,230,712,-27,4,-138,31
2019-10-14,-2612,231,2219,834,203,704,-14,-3,493,172
2019-10-15,272,-567,109,509,-21,-601,9,2,211,221
2019-10-16,-1774,47,1447,944,-52,-52,-21,1,628,281
2019-10-17,-96,-945,843,937,-173,-495,-12,-20,606,198
2019-10-18,2292,-1300,-1000,-172,-194,-138,48,5,-548,9
2019-10-21,446,-1229,542,1021,-238,-326,23,-5,67,220
2019-10-22,-5292,914,4335,3001,-181,-15,-36,15,1551,97
2019-10-23,303,1180,-1503,-411,-63,-634,28,-6,-417,33
2019-10-24,-1587,1747,-560,-371,-86,-265,-7,5,164,405
2019-10-25,-1072,586,415,698,-178,-195,-6,2,93,87
2019-10-28,-1255,-551,1359,1473,-241,-170,-8,17,288,455
2019-10-29,-168,-993,735,794,-73,-274,-7,10,285,430
2019-10-30,1544,82,-2249,-410,-72,-724,47,-5,-1085,604
2019-10-31,-1498,367,594,41,51,42,-5,26,438,557
2019-11-01,-594,1387,-1184,-1069,-30,-111,3,43,-20,400
2019-11-04,-5126,702,4644,2956,96,242,-28,11,1367,-200
2019-11-05,-2112,3254,-1335,-252,-111,-530,13,-100,-354,231
2019-11-06,-668,2375,-2136,-264,-358,-527,-19,-20,-947,435
2019-11-07,643,-1549,535,940,-61,-665,49,47,225,355
2019-11-08,63,-1044,630,1064,-150,-583,13,12,274,344
2019-11-11,1405,-1734,-9,-376,-173,-403,52,-10,901,327
2019-11-12,238,-404,-151,500,-110,-532,-8,-9,8,309
2019-11-13,2277,-272,-2419,-893,-28,-617,24,-28,-877,422
2019-11-14,-620,-2073,2261,3970,-71,-521,-1,-8,-1109,446
2019-11-15,-6561,-1373,7859,5774,-67,3,-24,-101,2274,118
2019-11-18,665,-1630,634,1213,-290,-504,-11,8,218,328
2019-11-19,960,-130,-1203,-1182,-67,-803,-23,42,831,370
2019-11-20,3606,-3343,-981,-897,-56,-1143,54,45,1015,717
2019-11-21,2534,-5730,2645,2330,52,-466,11,3,716,527
2019-11-22,583,-1864,912,2434,133,-251,-1514,-5,115,366
2019-11-25,-1408,-2586,3589,3870,-114,94,-25,-19,-217,413
2019-11-26,604,-8576,7631,5881,221,734,19,-1,776,339
2019-11-27,181,-1437,942,1558,75,-64,-6,-7,-614,308
2019-11-28,282,-1166,720,361,354,-23,11,0,17,164
2019-11-29,4434,-4517,-487,-554,429,207,53,-18,-604,552
2019-12-02,497,-3937,3094,2421,-14,164,24,8,491,329
2019-12-03,1273,-2690,1147,466,93,90,48,14,436,272
2019-12-04,3202,-3965,508,-139,56,-218,21,-5,792,243
2019-12-05,590,-688,-247,-462,-14,272,6,19,-68,335
2019-12-06,-2201,427,1603,851,-130,350,10,-2,524,168
2019-12-09,-818,652,-198,-169,-24,384,1,15,-405,366
2019-12-10,-1311,-199,1169,1056,63,-531,-11,20,572,335
2019-12-11,-1766,-57,1450,3212,-53,-1561,-21,4,-131,391
2019-12-12,-9175,5554,3473,2486,934,551,165,-107,-556,190
2019-12-13,-9892,5170,4797,5671,-646,-432,-68,-143,415,-44
2019-12-16,-2149,-1899,3781,5295,-788,-1152,-27,-31,485,282
2019-12-17,-5292,5159,116,2149,-405,-1591,-32,121,-125,42
2019-12-18,-560,3839,-3358,-948,-506,-1808,41,101,-238,85
2019-12-19,-1640,2491,-1083,182,-297,-770,77,14,-289,231
2019-12-20,-3221,1588,1389,856,-57,80,47,26,438,274
2019-12-23,-3219,-472,3545,3167,-132,416,62,-14,46,163
2019-12-24,-1081,-1683,2584,2432,42,-553,-89,-18,769,167
2019-12-26,-4673,-363,4605,3485,164,312,-1,20,625,470
2019-12-27,1925,661,-2790,-2518,-1461,747,-373,-12,827,224
2019-12-30,1235,-3404,2042,2232,-435,-215,-4,-1,464,124
2020-01-02,5305,-64,-5401,-4146,-27,-381,22,35,-904,140
2020-01-03,2738,2618,-5239,-5714,-103,494,19,38,27,-122
2020-01-06,2363,994,-3209,-2789,-30,-284,-8,18,-116,-145
2020-01-07,-1678,1960,-453,-234,-111,314,2,0,-424,178
2020-01-08,-192,2709,-2400,-3407,469,359,-9,-1,189,-93
2020-01-09,1923,926,-2851,-1556,125,17,-230,-7,-1199,19
2020-01-10,-232,3792,-3635,-3875,-67,-125,-35,25,441,82
2020-01-13,-491,2580,-2148,-1741,-135,-133,2,0,-141,65
2020-01-14,1336,2629,-4282,-3111,-371,-598,2,-9,-194,305
2020-01-15,3156,-863,-2436,-1520,-12,-1136,-44,-55,331,130
2020-01-16,2235,-270,-2099,-1922,-138,-463,-17,47,393,122
2020-01-17,1861,934,-2967,-2087,-349,-389,15,57,-214,158
2020-01-20,-547,627,-278,-561,-137,-753,508,39,627,190
2020-01-21,3605,-2054,-1853,-130,-223,-900,36,-16,-620,296
2020-01-22,-2182,-749,2885,2408,108,-101,58,18,394,32
2020-01-23,5813,-1379,-4795,-3596,-130,-475,18,34,-646,316
2020-01-28,6672,-5262,-1894,1332,-522,-2558,13,14,-172,470
2020-01-29,3727,1000,-4976,-5782,332,-41,64,-26,477,238
2020-01-30,6632,-2802,-4427,-3451,140,-1178,-25,-11,97,583
2020-01-31,2788,-4277,1717,-331,223,82,-25,-32,1802,-254
2020-02-03,1180,-3071,1698,548,209,562,14,-39,403,201
2020-02-04,2026,4876,-7020,-7595,128,730,-99,142,-325,131
2020-02-05,4341,4578,-9082,-8944,54,-214,6,5,11,140
2020-02-06,-6881,1586,5167,2194,279,640,30,12,2012,190
2020-02-07,3916,223,-4660,-3224,-32,-405,38,-8,-1029,491
2020-02-10,4355,-3039,-1650,-1529,-94,-284,34,13,209,332
2020-02-11,-2204,-934,3182,2201,12,-48,3,5,1009,-38
2020-02-12,460,-2163,1489,1643,17,-283,-4,3,113,226
2020-02-13,-39,2795,-3278,-1458,-298,-442,-11,20,-1089,548
2020-02-14,-11,945,-1086,-1096,-143,-236,22,-17,384,161
2020-02-17,1960,-2287,139,100,-12,-515,-4,18,553,195
2020-02-18,7671,-3069,-5281,-3126,-11,-1106,-32,22,-1029,665
2020-02-19,1600,-2212,-118,67,-126,-366,-32,3,337,721
2020-02-20,1924,1107,-3356,-2868,-70,-149,26,16,-311,314
2020-02-21,2837,2150,-5350,-3397,-11,-511,75,-3,-1503,334
2020-02-24,6084,-7860,1916,713,203,136,65,214,586,-185
2020-02-25,6103,-7696,1135,-251,199,270,134,0,783,450
2020-02-26,7886,-8762,237,-1032,212,103,128,94,732,612
2020-02-27,3465,-3985,-19,-1411,132,350,19,42,849,522
2020-02-28,2299,-6312,3576,3867,222,-337,-16,-106,-53,462
2020-03-02,4616,-7832,2703,967,395,1362,77,91,-190,541
2020-03-03,7090,-3123,-4474,-5257,222,608,51,29,-127,455
2020-03-04,-38,1534,-1706,-2345,16,344,29,68,181,238
2020-03-05,3213,-1473,-2015,-3152,-88,-214,-8,56,1391,261
2020-03-06,7915,-5641,-2625,-4545,248,-628,-12,74,2239,347
2020-03-09,12800,-13125,-463,-3813,211,-805,-159,169,3933,739
2020-03-10,3114,-9876,6113,5035,381,-964,-238,83,1816,670
2020-03-11,10886,-6879,-4838,-3584,-71,-866,-29,25,-313,787
2020-03-12,5388,-8910,2756,1714,199,263,116,123,341,746
2020-03-13,4463,-11650,5848,-470,587,197,-138,-57,5730,1318
2020-03-16,9263,-6814,-3465,-5307,-115,-314,31,12,2227,989
2020-03-17,6010,-10030,3502,2807,-314,-571,-53,-186,1819,518
2020-03-18,9136,-5106,-5145,-3531,-85,-962,-5,-93,-470,1067
2020-03-19,2421,-6179,2898,1893,-163,-2119,-294,-216,3797,830
2020-03-20,2004,-5844,3116,-57,579,651,65,-72,1949,713
2020-03-23,9200,-6428,-3611,-2737,115,-1475,-66,-93,645,816
2020-03-24,-4623,-818,5024,933,161,1722,-40,53,2196,422
2020-03-25,4283,-3262,-948,-485,74,-625,17,71,-1,-105
2020-03-26,7166,-5350,-2138,-2124,-43,-386,147,29,240,279
2020-03-27,1731,-3751,1300,-98,-122,-101,57,80,1483,692
2020-03-30,1986,-4272,2236,79,290,375,22,137,1333,50
2020-03-31,3854,-721,-2901,-2431,-282,-531,70,206,67,-230
2020-04-01,11508,-5782,-6199,-2720,-247,-1344,-11,104,-1981,444
2020-04-02,2700,-6234,3599,865,187,436,-6,93,2023,-66
2020-04-03,3487,-2901,-833,-1498,-14,75,70,106,429,229
2020-04-06,-8430,-1973,10361,6285,245,1037,48,46,2699,88
2020-04-07,1492,-1969,352,485,-100,146,-8,7,-177,106
2020-04-08,4520,-1360,-2820,-3614,11,260,96,24,404,-355
2020-04-09,2941,-1806,-1296,-2190,107,1642,-164,-14,-677,138
2020-04-10,2520,-562,-2059,-3775,11,-445,4,36,2110,98
2020-04-13,7588,-2954,-4576,-3802,-165,-992,-15,8,390,-92
2020-04-14,-4530,-300,4679,1801,22,367,25,44,2420,168
2020-04-16,3888,-5677,1363,-1004,31,-11,19,30,2297,437
2020-04-17,-6057,3229,2356,1109,-381,713,58,-7,865,515
2020-04-20,9560,-4935,-4849,-3840,-133,-315,-11,-2,-548,269
2020-04-21,7094,-5296,-1904,-1835,-85,-399,-10,19,406,92
2020-04-22,3178,-367,-3098,-3544,-347,-529,-61,3,1380,276
2020-04-23,-156,-1063,1000,-533,41,509,-21,23,981,218
2020-04-24,6328,-2322,-4231,-2229,1,-537,-52,-11,-1403,210
2020-04-27,-5492,192,5279,3059,251,67,-10,2,1909,30
2020-04-28,856,-1268,239,-226,116,-80,-9,45,394,154
2020-04-29,-4870,2349,2522,1213,-358,38,31,166,1432,-9
2020-05-04,17001,-9463,-8060,-4975,150,-1367,-28,172,-2011,479
2020-05-06,-1,-3191,3090,932,114,-86,-12,168,1974,57
2020-05-07,2534,-3126,565,1363,-105,-852,3,126,30,102
2020-05-08,-2432,468,1705,1820,-225,-360,-58,86,442,276
2020-05-11,5112,-1746,-3631,-1517,-809,-614,-45,87,-733,220
2020-05-12,6057,-3111,-2985,-2926,86,544,-22,75,-742,33
2020-05-13,2154,-3207,935,-127,-106,44,8,102,1015,89
2020-05-14,7866,-5541,-2372,-664,-54,174,-166,70,-1732,27
2020-05-15,2234,-4722,2426,416,-23,-128,-23,55,2130,60
2020-05-18,301,-864,339,-245,-108,-114,4,96,706,291
2020-05-19,-11869,3707,8432,5235,15,1009,150,114,1909,-221
2020-05-20,-1819,808,981,-78,-22,459,-4,75,552,49
2020-05-21,2904,736,-3882,-3422,-310,-225,-16,65,25,214
2020-05-22,9361,-4768,-4485,-2513,-180,-971,-58,0,-763,-128
2020-05-25,958,-1407,347,-119,-419,343,2,-56,596,111
2020-05-26,-4799,144,3417,2660,-193,47,-49,-15,967,1241
2020-05-27,3216,-2176,-727,-646,-82,-95,41,32,23,-336
2020-05-28,-2842,609,2225,1033,319,-109,-28,24,987,13
2020-05-29,1898,-1990,-201,-434,63,427,-41,18,-233,302
2020-06-01,-4455,1089,3250,949,558,223,-28,-10,1557,103
2020-06-02,-98,-502,350,-35,405,51,-7,22,-87,220
2020-06-03,-13182,2102,11345,10332,588,1599,28,-14,-1188,-212
2020-06-04,-3349,465,2978,4782,-584,-263,-13,-33,-910,-88
2020-06-05,-3195,-720,4054,3630,12,104,11,-6,302,-173
2020-06-08,3790,114,-3716,-1192,-484,-85,-25,-1,-1931,-150
2020-06-09,4132,-231,-3999,-1836,-2,-652,15,-41,-1483,59
2020-06-10,-1693,-477,2158,2416,-37,139,-57,-38,-265,-14
2020-06-11,12717,-1206,-11844,-7400,-142,-738,-541,-37,-2987,290
2020-06-12,5559,-2623,-2862,-2017,33,-1183,5,3,297,-48
2020-06-15,12372,-4786,-7616,-3709,-346,-1712,-44,-15,-1790,-16
2020-06-16,-5949,1081,4800,4155,-96,-67,48,-22,783,120
2020-06-17,1525,-531,-1137,-1779,-153,-115,6,-2,907,139
2020-06-18,2943,-1622,-832,-288,-406,-347,4,-16,221,-487
2020-06-19,1647,468,-2164,-800,-103,-748,-68,-16,-428,6
2020-06-22,4302,-2520,-1934,-250,-306,-640,-124,3,-617,165
2020-06-23,3504,-547,-2814,-1427,-36,-830,-139,-14,-368,-161
2020-06-24,-73,3516,-3903,266,-29,173,-4985,10,662,476
2020-06-25,13013,-2802,-10455,-6654,-350,-1428,3,-1,-2025,206
2020-06-26,533,602,-1647,-1960,-4,-493,-15,-40,865,498
2020-06-29,5752,-2328,-3518,-2418,-113,-679,-113,-19,-177,53
2020-06-30,-1652,-733,2398,1338,-8,-160,13,-8,1223,-28
2020-07-01,88,-1637,1508,1902,53,-370,28,-35,-69,44
2020-07-02,-2133,-171,2163,2459,123,-723,17,-24,312,87
2020-07-03,-884,148,1068,999,-208,-507,24,-11,770,-303
2020-07-06,-3610,-2617,6232,5623,36,75,7,-10,500,-48
2020-07-07,8579,-3859,-4594,-1007,-319,-1177,62,-102,-2051,-70
2020-07-08,6229,-3399,-2768,-1394,-245,-1216,-8,-16,111,-40
2020-07-09,3168,65,-2879,-1628,-308,-295,18,-29,-637,-390
2020-07-10,10373,-3476,-7078,-4461,-166,-1108,25,9,-1377,156
2020-07-13,-2908,1053,2008,918,-50,-62,-3,-19,1225,-124
2020-07-14,4186,71,-3958,-1678,-457,-470,-2,-85,-1266,-278
2020-07-15,-5996,2743,3347,4468,-418,-77,9,-43,-592,-38
2020-07-16,3006,-1322,-1835,-264,-97,-459,-6,-39,-970,166
2020-07-17,-1121,1167,365,238,225,-220,54,-25,94,-372
2020-07-20,4070,-739,-3292,-1690,-704,-497,-4,-9,-389,-25
2020-07-21,-5677,4483,1435,3201,-187,-1005,-132,-26,-416,-207
2020-07-22,2604,-3,-2418,-736,-233,-1072,17,-16,-378,-175
2020-07-23,7768,-2008,-5869,-3506,-3,-1735,-82,38,-581,139
2020-07-24,2881,841,-3678,-1173,-545,-843,-43,-8,-1066,-79
2020-07-27,-2996,1677,1395,1968,-20,161,-179,-58,-476,16
2020-07-28,-10495,13113,-2220,-1440,-526,318,12,-76,-507,-345
2020-07-29,476,2980,-3368,-1346,-296,-698,-8,-92,-929,-44
2020-07-30,65,2228,-2342,423,-171,-428,-3,-13,-2151,30
2020-07-31,4716,-548,-3861,-2659,-129,-709,-7,-4,-352,-299
2020-08-03,6237,-2719,-3795,-2841,-108,-411,0,-5,-429,246
2020-08-04,1844,-615,-1488,392,-493,-205,14,-54,-1142,227
2020-08-05,4315,-456,-3666,-1277,-441,-871,-18,-30,-1029,-133
2020-08-06,-850,1685,-801,2247,-517,-993,46,-138,-1446,13
2020-08-07,8534,-730,-7870,-4018,-640,-1313,-26,-39,-1833,73
2020-08-10,3523,-1330,-2315,168,-838,-1084,13,-144,-430,70
2020-08-11,-1737,1512,386,3822,-691,-1298,-63,-91,-1292,-117
2020-08-12,3509,-1550,-2025,-404,37,-774,11,-7,-889,54
2020-08-13,1543,-3476,1873,4816,27,-1726,68,3,-1316,6
2020-08-14,5963,-4641,-1244,2801,-154,-1976,-6,-63,-1846,-101
2020-08-18,-5272,745,4761,6615,306,-1117,5,-26,-1022,-223
2020-08-19,4584,-2662,-2022,142,-187,-1096,-38,-27,-817,104
2020-08-20,10739,-2805,-8214,-4850,-822,-1628,-5,-11,-897,203
2020-08-21,-1362,1982,-334,1078,-8,-1376,-40,4,9,-273
2020-08-24,-2600,1992,41,247,55,-336,34,-11,51,584
2020-08-25,-709,1572,-1233,-1338,155,-71,-27,-4,51,372
2020-08-26,1929,1896,-4125,-3518,120,-207,2,33,-555,286
2020-08-27,4664,-257,-4726,-3432,-182,-722,7,-6,-392,308
2020-08-28,1158,-2250,1225,1887,-366,-277,-41,-26,49,-141
2020-08-31,15696,-16362,-66,953,18,-630,-184,11,-234,697
2020-09-01,2390,-2084,-566,790,-45,-576,-438,9,-306,234
2020-09-02,3342,-2541,-799,-41,-85,-565,-18,-15,-74,17
2020-09-03,-952,1921,-1351,-572,-100,-173,-36,24,-495,364
2020-09-04,12854,-4715,-7798,-5111,-275,-1384,1,20,-1050,-379
2020-09-07,5483,-2513,-2976,-1472,-353,-144,-95,-3,-907,1
2020-09-08,358,-337,-209,557,-363,-1087,18,31,634,150
2020-09-09,5129,-1136,-4298,-949,68,-1511,-60,3,-1848,285
2020-09-10,663,3821,-4721,-1194,-242,-1260,34,-1,-2059,240
2020-09-11,4533,-1513,-3110,-1276,-74,-813,-6,5,-946,74
2020-09-14,-2876,1439,1074,2064,300,-454,12,-17,-830,374
2020-09-15,-765,2504,-2002,-1036,-233,-903,18,9,144,234
2020-09-16,1432,1751,-3051,-1118,-184,-1370,-21,11,-369,-174
2020-09-17,4587,-1256,-3358,-2139,-77,-711,16,-5,-442,15
2020-09-18,-1405,1453,-158,763,-151,-643,-38,3,-91,90
2020-09-21,410,-737,392,1138,7,-473,-26,19,-273,-19
2020-09-22,9913,-171,-7691,-4898,-30,-926,-68,-49,-1720,-2079
2020-09-23,3252,-559,-2804,-2599,0,-207,19,115,-132,130
2020-09-24,3289,-1915,-1571,-685,72,-481,-18,18,-476,204
2020-09-25,195,-899,728,789,-61,-69,-22,13,77,-25
2020-09-28,-1056,-580,1502,1816,7,124,5,-4,-446,143
2020-09-29,-1114,-712,1424,2018,307,634,13,-4,-1543,425
2020-10-05,-5500,1743,3852,2487,346,372,6,-60,702,-92
2020-10-06,-2045,1701,198,-287,-70,269,-2,37,251,121
2020-10-07,-3460,-975,4302,3934,81,-178,7,15,443,111
2020-10-08,-1659,7610,-6150,-5570,-17,430,-9,10,-994,206
2020-10-12,-2360,1396,845,789,-41,-115,6,-18,225,123
2020-10-13,-332,2127,-1774,-1118,-72,-75,2,6,-517,-31
2020-10-14,4128,-367,-3757,-957,-342,-724,-18,9,-1725,-26
2020-10-15,3282,-162,-1169,-366,211,-651,-15,-92,-257,-1929
2020-10-16,4892,-1713,-2036,875,-239,-1091,-22,50,-1610,-1146
2020-10-19,-3424,377,2968,4506,-123,205,-12,14,-1623,112
2020-10-20,-2925,431,2605,2223,-73,-257,-2,-20,733,-117
2020-10-21,-1283,-239,1426,2151,472,-164,9,24,-1065,103
2020-10-22,679,-738,76,433,305,-538,-6,13,-131,-21
2020-10-23,-2723,386,2334,636,196,662,-16,-1,856,1
2020-10-26,-1127,-1454,2718,828,297,861,17,-5,722,-155
2020-10-27,1069,1059,-2497,-2305,128,-77,10,4,-256,381
2020-10-28,1532,93,-1767,-1593,-425,380,-4,28,-153,102
2020-10-29,9814,-5386,-4755,-3986,98,-235,37,-17,-652,319
2020-10-30,14140,-9825,-4438,-3274,-139,-714,-6,-11,-295,78
2020-11-02,-1086,492,487,-560,114,110,2,12,810,92
2020-11-03,-6472,2177,4694,3107,95,478,-7,13,1009,-361
2020-11-04,-1661,-2174,3427,3903,-368,55,48,12,-222,414
2020-11-05,-16218,11411,4862,4449,-152,939,35,40,-448,8
2020-11-06,-7975,7950,-44,641,-611,72,-5,27,-167,112
2020-11-09,-6789,3337,3564,5812,-417,-139,-9,-24,-1659,-66
2020-11-10,1872,1602,-3283,-2049,-99,-821,-14,0,-300,-156
2020-11-11,-11907,8377,4019,4919,-115,-849,-36,35,65,-274
2020-11-12,3537,4898,-8608,-6294,-135,-818,7,-39,-1329,159
2020-11-13,-5896,5263,948,1540,-255,-519,67,-23,138,-267
2020-11-16,-1539,4655,-2856,1240,-904,-884,-65,-239,-2003,-222
2020-11-17,1531,3515,-5038,-2511,-582,-1378,-23,31,-574,-67
2020-11-18,-1268,667,780,2022,-299,-1581,3,3,632,-189
2020-11-19,2017,1056,-3016,-1635,-116,-845,17,-10,-427,-65
2020-11-20,1216,1038,-2264,-390,-413,-1272,-20,6,-175,9
2020-11-23,-8735,9888,-600,155,-593,-495,-17,-42,391,-499
2020-11-24,-245,7269,-6941,-2435,-555,-1771,-12,-30,-2138,-76
2020-11-25,5062,-419,-4001,1755,-541,-2624,3,-28,-2566,-692
2020-11-26,2569,2517,-5188,-1837,-126,-1566,-12,39,-1686,80
2020-11-27,1945,797,-2794,-987,-46,-1433,-7,-19,-303,63
2020-11-30,22206,-24378,2048,3331,-363,-909,70,18,-98,24
2020-12-01,-3461,748,2676,3299,-298,-133,35,-94,-132,50
2020-12-02,-2447,5181,-2507,-1627,-211,-310,-16,21,-365,-221
2020-12-03,1780,2103,-3849,-1342,-471,-970,5,-93,-978,-28
2020-12-04,-3432,7622,-4101,365,-871,-1028,-38,-203,-2326,-77
2020-12-07,9768,-652,-9237,-4211,-664,-2414,-76,-31,-1841,98
2020-12-08,11228,-8521,-2701,136,-618,-2105,-65,-20,-29,-77
2020-12-09,-5062,1633,3058,5259,-396,-319,61,37,-1584,378
2020-12-10,8913,-13663,4441,9249,75,-1091,93,91,-3976,283
2020-12-11,-477,-1540,2101,2972,-285,-967,-25,-19,426,3
2020-12-14,10334,-3670,-7033,-4210,-648,-883,-7,19,-1304,288
2020-12-15,6077,-3724,-2375,-60,-435,-962,-18,-38,-862,34
2020-12-16,-2403,932,2127,3211,-675,-289,-26,2,-97,-657
2020-12-17,3252,-2587,-107,2248,-254,-1267,-75,-67,-691,-561
2020-12-18,3898,-1939,-1497,522,-162,-1020,-28,3,-813,-483
2020-12-21,-855,-99,1322,518,-141,92,-10,-51,914,-359
2020-12-22,3694,-1471,-2029,-525,-336,-1070,-1,-26,-71,31
2020-12-23,-3859,833,3017,3818,-159,-939,-37,-16,350,13
2020-12-24,-8031,1244,6297,7585,-567,271,-22,18,-988,542
2020-12-28,-9460,710,8303,10957,-785,-1001,95,-199,-762,377
2020-12-29,21969,-3172,-19734,-14318,-553,-2358,-547,20,-1978,871
2020-12-30,-4916,2494,1959,5364,-598,-1687,-105,-13,-1003,499
2021-01-04,10310,843,-11899,-1747,-1943,-5021,-16,65,-3237,692
2021-01-05,7284,-2089,-5363,402,-996,-1387,19,-1,-3400,161
2021-01-06,17293,-4022,-13692,-4677,-1150,-3120,-282,-67,-4396,374
2021-01-07,-11836,1113,10339,16212,-879,-450,-123,-9,-4411,363
2021-01-08,-5591,16479,-11479,-1732,-2314,-1176,-73,-94,-6090,636
2021-01-11,44921,-7259,-37432,-20213,-2740,-6052,12,-161,-8278,-313
2021-01-12,23124,-6284,-17239,-9488,-982,-3695,-69,-127,-2878,304
2021-01-13,1691,1886,-3725,5142,-1320,-4030,-60,-224,-3232,99
2021-01-14,7127,6719,-14290,-4848,-816,-2442,-180,-26,-5978,387
2021-01-15,21139,-7553,-14147,-6368,-699,-1839,1,-38,-5204,544
2021-01-18,5143,-2113,-2789,2367,-630,-123,-54,-12,-4335,-260
2021-01-19,-10254,4098,5940,10056,-65,-85,-29,-14,-3923,215
2021-01-20,14368,-2386,-12345,-7132,-575,-650,-23,-16,-3949,345
2021-01-21,-625,3664,-2927,2425,-703,-286,-85,-1576,-2702,-132
2021-01-22,16083,-2728,-13648,-6674,-848,-2354,-25,5,-3753,245
2021-01-25,-5712,2862,3688,7480,-697,-823,-210,10,-2073,-769
2021-01-26,42050,-19848,-22520,-7802,-3186,-5084,-8,-6,-6433,169
2021-01-27,10604,-6290,-3961,1220,-418,-2115,-19,-14,-2616,-427
2021-01-28,19294,-15775,-3794,-1139,-111,122,-24,-43,-2599,170
2021-01-29,16971,-14312,-2544,-211,-162,-1031,56,-35,-1160,-207
2021-02-01,-7825,1328,6892,7329,118,1596,24,-96,-2078,-386
2021-02-02,-1883,1946,-131,4055,-354,-24,5,-149,-3664,49
2021-02-03,1239,4283,-5740,-2096,-435,372,15,-19,-3576,236
2021-02-04,24704,-6487,-18357,-12804,-276,-1518,-1,-1,-3756,48
2021-02-05,-4021,1911,2343,5570,-653,-491,-10,-64,-2008,-221
2021-02-08,847,-3558,2805,5303,-233,-17,-37,-4,-2206,-68
2021-02-09,487,-2275,1568,3466,-345,657,-4,33,-2239,168
2021-02-10,1302,7513,-9166,-5278,-220,-176,-283,17,-3224,344
2021-02-15,-3526,7296,-4193,-1683,-110,-1,-11,63,-2451,402
2021-02-16,4226,2371,-6685,-3095,-519,-223,-42,-4,-2802,43
2021-02-17,18107,-4866,-13465,-8498,52,-1357,12,-136,-3538,173
2021-02-18,14677,-8607,-6130,-2276,-172,-429,3,30,-3286,24
2021-02-19,3742,-2982,-656,1208,-79,-759,-35,-134,-856,-105
2021-02-22,7497,-3207,-4601,182,-248,-761,69,-11,-3831,259
2021-02-23,773,-2993,3387,3701,-60,135,-290,111,-211,-1205
2021-02-24,5614,6314,-825,2588,-270,-1036,-78,-53,-1976,-11155
2021-02-25,-19361,9749,9749,10271,-520,404,17,-78,-345,-89
2021-02-26,37785,-28300,-10301,-8916,267,-602,101,-6,-1145,689
2021-03-02,-6249,2104,4371,5540,-418,347,-47,33,-1084,-203
2021-03-03,-6631,-114,6896,6508,78,784,32,-34,-472,-146
2021-03-04,21992,-9320,-12840,-9612,72,-132,68,-16,-3220,140
2021-03-05,11931,-3750,-8043,-5186,-141,-753,24,-34,-1954,-153
2021-03-08,5253,-1296,-3777,-873,52,-107,-53,-69,-2728,-219
2021-03-09,3631,-5292,2920,3513,216,-365,-37,14,-421,-1245
2021-03-10,4006,4799,-8891,-789,-340,-307,-4786,-14,-2657,82
2021-03-11,-11110,17080,-5917,-3936,257,713,44,27,-3022,-42
2021-03-12,-5997,4068,1833,2366,-93,383,7,20,-850,94
2021-03-15,5105,-2183,-3002,-3237,-406,-512,18,28,1105,30
2021-03-16,-2340,-271,2491,1561,-148,234,15,-21,851,110
2021-03-17,10483,-5289,-5339,-1723,-139,-1096,24,15,-2421,96
2021-03-18,-6174,4863,1344,3342,-162,152,-64,-30,-1893,7
2021-03-19,16029,-5860,-10018,-5917,-73,-1600,-59,-173,-2196,-206
2021-03-22,5831,-5483,-339,2628,-251,-879,-74,-19,-1744,-27
2021-03-23,10170,-4762,-5409,-691,-191,-1139,0,10,-3399,8
2021-03-24,8963,-4871,-4335,-670,-90,-1312,44,-46,-2262,153
2021-03-25,1725,-794,-1273,1585,-70,-467,-11,-22,-2288,375
2021-03-26,-4195,2955,1389,1850,-10,89,2,-16,-525,-151
2021-03-29,6592,490,-7031,-4603,-193,-296,-258,-25,-1657,-57
2021-03-30,-6048,3435,2539,2959,108,-280,-8,21,-261,42
2021-03-31,6435,-2916,-3488,-3173,-111,48,25,11,-290,-9
2021-04-01,-4155,5723,-1617,-117,-267,-157,-48,-9,-1019,24
2021-04-02,-9488,5667,3715,4527,-189,-324,-64,3,-238,139
2021-04-05,2129,1679,-3812,-1548,-101,-200,-24,9,-1948,-22
2021-04-06,-378,5812,-5133,-3346,-358,165,-30,-34,-1531,-305
2021-04-07,-219,3268,-3267,-830,-370,-536,-32,-100,-1400,244
2021-04-08,3641,1102,-4821,-3511,324,-94,-38,-25,-1477,101
2021-04-09,7190,-1551,-5762,-3197,-148,-52,-335,140,-2170,97
2021-04-12,6878,-3281,-3862,-2317,-306,-62,21,21,-1220,231
2021-04-13,-4648,4441,87,1431,-3,14,-288,-19,-1049,133
2021-04-14,-3003,1063,1780,3868,-30,-562,-194,-18,-1284,173
2021-04-15,2849,2628,-5045,-841,-392,268,78,-113,-4045,-436
2021-04-16,4701,2748,-4674,-3832,-171,-977,-196,-30,531,-2791
2021-04-19,3955,-3224,-1314,185,77,-1100,-16,-88,-372,560
2021-04-20,-3902,3259,463,3003,161,-1343,-54,-10,-1293,157
2021-04-21,27116,-14325,-12837,-7632,-330,-2266,-15,21,-2615,7
2021-04-22,3527,-1551,-2329,-571,-169,437,-24,-18,-1984,334
2021-04-23,2268,-246,-2123,170,-103,-218,-8,54,-2018,96
2021-04-26,-3385,3907,-462,220,-46,96,2,18,-752,-75
2021-04-27,4484,-1628,-1064,843,-127,-582,-51,-23,-1125,-1753
2021-04-28,10572,-5943,-4347,-843,-38,-2592,-63,-40,-771,-296
2021-04-29,348,-182,-115,829,-58,-219,-112,53,-607,-42
2021-04-30,7876,-5652,-1934,-1604,-112,598,4,5,-826,-314
2021-05-03,5877,-4472,-1392,-1062,-171,-170,-13,-8,33,-82
2021-05-04,-1194,-747,1679,687,-117,781,10,-4,322,245
2021-05-06,-896,-1009,2001,1927,-18,345,-66,-25,-163,-121
2021-05-07,-1457,-1907,3482,3170,-94,9,10,25,362,-75
2021-05-10,-11984,2352,9705,7841,-6,1639,12,1,218,-79
2021-05-11,35602,-20349,-13513,-11601,-16,-474,-7,-11,-1405,-1867
2021-05-12,29895,-27046,-2574,-2133,-389,-899,-91,-19,957,-315
2021-05-13,14425,-14343,24,702,244,27,-15,32,-966,-151
2021-05-14,4044,-4198,393,-819,-84,208,-13,168,932,-246
2021-05-17,7197,-6022,-1444,-893,-72,-233,-398,88,64,247
2021-05-18,-6398,-3500,9741,9634,3,-26,-75,-14,220,131
2021-05-20,8222,-5158,-2818,-897,-303,-394,1,-852,-373,-290
2021-05-21,594,-1304,568,1120,-65,-194,-7,-42,-244,189
2021-05-24,1760,-2207,370,682,-153,-197,-4,-234,275,103
2021-05-25,-9679,714,8838,7953,61,514,-25,92,242,159
2021-05-26,-2398,-175,2870,2626,-20,516,-36,-4,-213,-284
2021-05-27,155,-2429,2354,2735,-3,200,-484,-291,198,-62
2021-05-28,-8948,1429,7371,5779,179,1076,-82,-70,489,129
2021-05-31,2477,5204,-7741,-6693,-93,507,-463,-14,-984,72
2021-06-01,-6218,-531,6778,6162,-99,242,-33,-28,536,-21
2021-06-02,3109,336,-3155,-2279,-626,71,-91,-20,-209,-317
2021-06-03,-6836,2420,4482,3499,47,-41,2,-108,1084,-9
2021-06-04,4698,1754,-6585,-6131,88,-807,17,70,177,130
2021-06-07,613,-1873,1216,1314,-86,-244,-1,-30,262,4
2021-06-08,-447,-2037,2619,3735,-99,-109,-4,-5,-900,-112
2021-06-09,7871,-3248,-4585,-2605,-203,-1298,-27,30,-482,9
2021-06-10,3875,7172,-11250,-8485,50,773,-1,-334,-3252,198
2021-06-11,-4713,1765,2667,-313,65,1237,5,-47,1720,282
2021-06-14,3515,-101,-3330,-2625,31,-314,-41,-207,-173,-81
2021-06-15,1994,-1211,-360,-453,-17,-367,-52,-296,825,-444
2021-06-16,-3259,2875,327,287,-133,-97,-4,-226,500,66
2021-06-17,10356,-3217,-7132,-5033,41,-1495,-7,-350,-288,-98
2021-06-18,8859,-7111,-1789,1973,-629,-1641,-43,-1278,-171,1
2021-06-21,19770,-9019,-10824,-6155,-420,-1782,-45,-92,-2330,-26
2021-06-22,-3826,3629,-71,-197,-243,250,-16,-172,307,272
2021-06-23,828,-96,-294,1287,146,-1474,-416,43,121,-436
2021-06-24,-459,-1016,1349,3397,-91,-840,-733,12,-395,138
2021-06-25,-8190,2485,5885,5668,11,-221,-31,-17,475,-146
2021-06-28,3988,-868,-3055,-1868,-234,-55,-41,-69,-789,-84
2021-06-29,12320,679,-8929,-4126,59,-4194,-1140,56,416,-4099
2021-06-30,310,70,-506,-446,94,-467,-18,8,324,156
2021-07-01,12660,-4088,-8303,-5871,110,-486,14,-3,-2066,-301
2021-07-02,3534,-1216,-2226,-987,-107,-343,-31,1,-759,-96
2021-07-05,-2633,15,2634,2110,66,45,-1,10,405,-9
2021-07-06,-2929,2238,696,1399,-40,370,-41,-27,-965,-6
2021-07-07,11631,-3405,-8346,-4012,-259,-2113,1,14,-1976,96
2021-07-08,10942,-4983,-6255,-2215,-190,-1021,6,-26,-2809,299
2021-07-09,18006,-13421,-5083,-4322,-69,-495,51,17,-266,410
2021-07-12,-2296,372,2183,1370,-58,410,-19,-18,497,-281
2021-07-13,-5620,2652,3061,2695,-25,-34,3,-20,442,-153
2021-07-14,6056,-2740,-3159,-1967,42,-662,-30,-21,-520,-172
2021-07-15,-3398,1006,2075,2222,-96,206,-2,-13,-241,319
2021-07-16,6936,-925,-5716,-3531,-18,-1658,-55,-211,-243,-321
2021-07-19,9359,-4582,-4558,-2442,-24,-1038,-48,-36,-970,-258
2021-07-20,370,-1730,1521,1703,-92,122,-50,-13,-150,-83
2021-07-21,7366,-4985,-2814,-1773,-203,231,-10,-51,-1007,370
2021-07-22,-8792,599,8161,8307,-170,19,-24,-32,61,50
2021-07-23,-882,1116,-146,3867,-3087,-267,45,-55,-649,-91
2021-07-26,7241,-3780,-3382,-700,46,-2019,-23,5,-691,-105
2021-07-27,-2760,461,2237,2334,16,-275,-81,-13,254,94
2021-07-28,1396,-4222,3001,4092,-22,-351,-34,-11,-674,-186
2021-07-29,-175,-2292,2584,2360,-244,929,-31,12,-442,-147
2021-07-30,12548,-7184,-5712,-2880,-212,-898,0,-10,-1713,283
2021-08-02,-4877,-1456,6254,7760,-49,-791,-18,10,-657,95
2021-08-03,-6700,6667,-348,2234,-196,-1002,-45,26,-1365,419
2021-08-04,-17766,9122,8893,7859,1,1250,-25,-43,-149,-202
2021-08-05,-2521,681,1845,3835,-167,-190,-83,-1,-1548,3
2021-08-06,1912,524,-2344,-1436,0,-367,-97,-50,-393,-136
2021-08-09,9497,-2032,-7527,-4236,-82,-1329,-137,-18,-1725,35
2021-08-10,15415,-6376,-3833,-1456,-118,-1467,-42,-293,-456,-5209
2021-08-11,17856,-16215,-1925,2725,-311,-2490,-67,-93,-1690,204
2021-08-12,18308,-18842,523,1493,-33,227,29,-27,-1166,-8
2021-08-13,28040,-26990,-1655,-2079,-57,-326,91,-2,719,541
2021-08-17,5870,-4165,-1276,-799,124,-237,-7,-24,-333,-384
2021-08-18,-1288,-2623,4100,2756,-26,452,11,-13,921,-218
2021-08-19,8025,-2710,-3297,-1539,-39,-1413,-28,-63,-214,-2062
2021-08-20,2712,-2570,-163,-70,6,-391,57,-101,337,-12
2021-08-23,-5764,-279,6096,4570,138,1143,-35,-32,312,-29
2021-08-24,-3532,1546,2315,633,9,1032,-147,63,725,-318
2021-08-25,-267,1619,3450,-105,-298,3655,-3,-27,228,-4817
2021-08-26,4400,-3642,-814,-1006,-36,374,-2,-75,-69,46
2021-08-27,-3440,-3718,7321,6291,12,509,252,31,225,-173
2021-08-30,-577,-2339,2526,1526,-54,1075,86,-11,-96,417
2021-08-31,-9938,11230,-1347,-1612,-262,547,3,12,-34,52
2021-09-01,-1030,775,-316,-375,-579,611,19,-46,55,598
2021-09-02,9412,5482,-14902,-3552,-469,-371,13,-39,-10483,-5
2021-09-03,-4695,5882,-766,-288,-115,758,-40,-272,-810,-384
2021-09-06,-966,620,457,298,61,7,60,34,-3,-115
2021-09-07,4337,-3111,-1203,-1451,28,-12,1,-29,260,-29
2021-09-08,4269,-2232,-1831,-91,-94,-561,-22,-20,-1042,-209
2021-09-09,12028,-3196,-9315,-9551,1082,876,-48,14,-1688,460
2021-09-10,2791,-5178,2383,3014,11,619,-16,65,-1309,0
2021-09-13,-3355,1424,1996,1783,81,455,-22,5,-305,-86
2021-09-14,-12951,2984,7637,5841,82,1786,-25,23,-69,2376
2021-09-15,-1846,2981,-1406,-1237,-252,-200,-17,-15,314,312
2021-09-16,4593,207,-5160,-3791,-518,-675,-16,4,-164,307
2021-09-17,2231,539,-3020,-4044,-218,1479,-52,-43,-143,258
2021-09-23,-3106,5769,-2361,-6,-237,-2122,-40,-157,200,-242
2021-09-24,2483,826,-3419,-2067,-266,-804,-67,53,-267,100
2021-09-27,-3416,3427,83,971,-347,-447,-13,3,-84,-61
2021-09-28,5611,40,-5516,-5113,-724,608,7,-12,-283,-155
2021-09-29,9604,-6625,-3126,-3006,-34,280,-7,23,-383,120
2021-09-30,1435,372,-2178,-2228,-205,651,-30,240,-606,352
2021-10-01,7609,-3035,-4873,-3610,-157,-1031,27,175,-277,264
2021-10-05,3530,-6206,2362,3067,-167,-164,-48,33,-360,340
2021-10-06,1718,-2769,834,889,-22,404,-7,-48,-382,208
2021-10-07,-5317,-1050,6143,5823,-74,580,19,-7,-199,244
2021-10-08,4617,-485,-4527,-3564,-165,51,-7,29,-873,373
2021-10-12,9793,-8242,-1999,-1999,-388,-49,1,-52,487,412
2021-10-13,-5332,-2711,7724,5884,125,1096,9,-176,786,319
2021-10-14,-1151,-3845,5037,4624,-19,440,-56,9,39,-37
2021-10-15,-3003,869,2134,1255,-45,590,-21,17,337,6
2021-10-18,4241,359,-4885,-3277,-479,-762,-8,-19,-340,252
2021-10-19,-3276,1487,1838,3831,-355,-369,-2,-8,-1260,-17
2021-10-20,2833,-695,-2114,147,-278,-950,-26,7,-1014,-29
2021-10-21,-1598,538,1181,1811,-127,102,-324,15,-296,-112
2021-10-22,-674,-1088,1855,2465,87,-274,8,34,-465,-102
2021-10-25,-3046,384,2588,3387,-264,-231,24,14,-342,94
2021-10-26,-4752,1073,3474,2874,20,221,7,26,325,216
2021-10-27,6142,-2885,-3491,-1841,-167,-795,-30,-8,-649,194
2021-10-28,3401,-2481,-1145,-1124,-238,373,31,-44,-143,229
2021-10-29,12566,-8058,-4759,-3479,25,-510,-1,-8,-786,198
2021-11-01,-2657,-3562,6368,7643,-10,-539,-35,-39,-652,-125
2021-11-02,-10753,3224,7654,8566,-637,96,-9,-43,-319,-68
2021-11-03,8392,-4470,-4204,-5525,25,-116,-25,-48,1485,257
2021-11-04,-6954,3542,3374,4639,-155,28,24,68,-1229,106
2021-11-05,3262,1165,-4450,-1656,56,-846,-18,39,-2025,165
2021-11-08,3642,-1168,-2761,12,108,-1906,-27,-19,-929,293
2021-11-09,-1565,-1355,2740,4021,18,-261,20,32,-1090,198
2021-11-10,2341,-208,-2350,-741,12,-726,0,16,-911,185
2021-11-11,1314,863,-2426,16,105,-1154,40,-23,-1410,227
2021-11-12,-10402,4324,5945,4280,-44,576,45,43,1045,186
2021-11-15,-8137,3997,4147,4120,-22,-407,-7,-5,469,7
2021-11-16,-1456,6478,-5171,808,-48,-643,21,-4666,-643,140
2021-11-17,7260,1032,-8757,-6267,-137,-1126,111,-337,-1001,400
2021-11-18,2213,-472,-1974,-305,-136,-952,10,-37,-553,217
2021-11-19,-3542,2323,750,1244,-161,-227,12,8,-127,464
2021-11-22,-13692,7969,5671,5632,-82,-436,-33,48,542,63
2021-11-23,3802,2824,-6961,-5625,-8,-1090,-4,33,-266,360
2021-11-24,2394,3186,-5931,-5130,12,-1085,-14,40,245,360
2021-11-25,2012,-925,-1504,-577,29,-849,-92,-2,-13,437
2021-11-26,4881,-1808,-3710,-2760,-201,-109,-57,-22,-562,598
2021-11-29,-7619,455,7143,6815,21,758,-57,-34,-360,80
2021-11-30,7338,-1340,-6400,-4314,-55,-1082,42,33,-1024,394
2021-12-01,-10107,9439,-1110,-1365,49,1087,-2133,20,1233,1793
2021-12-02,-9199,8888,29,-115,-34,-170,2,-20,365,318
2021-12-03,-2655,1547,887,-960,24,386,22,-122,1537,252
2021-12-06,-1679,47,1521,587,-12,152,5,-28,817,138
2021-12-07,-1396,2121,-757,-1137,-162,1246,23,-20,-707,78
2021-12-08,-6862,-798,8027,8948,-278,-416,-14,-27,-187,-376
2021-12-09,-5076,3260,6368,9624,468,-1287,-24,-18,-2395,-4553
2021-12-10,150,-2807,2395,-815,-112,2336,-19,-34,1040,343
2021-12-13,-3683,-1339,4688,3864,-72,164,-32,18,744,380
2021-12-14,-376,1815,-1878,-1698,-177,-792,-11,-41,841,420
2021-12-15,1668,-223,-1700,-361,-123,-546,-45,56,-681,257
2021-12-16,-1692,1872,-515,965,-363,-823,-21,-6,-266,373
2021-12-17,-5272,5318,-138,1411,-133,-1328,2,-37,-54,91
2021-12-20,10860,-5596,-5749,-2872,-94,-1650,-36,-34,-1063,433
2021-12-21,-6476,329,6018,5879,-175,163,-6,-72,230,165
2021-12-22,-4998,4233,613,688,-89,269,-2,-83,-170,225
2021-12-23,-8209,2351,5787,5874,-54,405,23,-231,-230,161
2021-12-24,-11324,1950,9161,8088,-30,1151,-7,-240,199,269
2021-12-27,-5443,516,4362,4100,192,332,21,-158,-124,594
2021-12-28,-19976,4528,15189,14541,711,374,-56,-344,-38,298
2021-12-29,18519,-1278,-17360,-14942,-807,-331,-314,-86,-881,64
2021-12-30,9536,-2184,-7606,-9288,101,2071,-22,1,-469,207
2022-01-03,5230,2615,-8110,-6744,-260,-707,-14,-10,-376,226
2022-01-04,6457,883,-7453,-7640,-79,381,26,17,-158,92
2022-01-05,6984,6203,-13222,-10545,-570,-1329,0,16,-794,63
2022-01-06,2847,1794,-4855,-3622,-394,808,-294,63,-1416,196
2022-01-07,-2442,6548,-3357,-3834,59,1034,-13,1,-604,-755
2022-01-10,5729,-879,-4999,-2873,-1,-761,-15,-7,-1343,90
2022-01-11,-2189,4820,-2619,-1137,-451,-45,-34,-11,-941,-20
2022-01-12,-10728,4579,6055,5953,-324,166,-93,29,323,123
2022-01-13,-935,3735,-3031,-1787,-303,814,4,-11,-1747,269
2022-01-14,8069,-2457,-5953,-4965,-292,-444,-1,-106,-144,335
2022-01-17,4814,-2527,1782,293,-499,-1614,4348,11,-757,292
2022-01-18,1999,134,-2274,-332,-257,-1260,-39,-4,-381,118
2022-01-19,-294,344,-119,1540,-74,-166,-229,2,-1192,66
2022-01-20,1461,-2784,1091,2907,21,-805,-16,4,-1020,221
2022-01-21,8958,-2225,-6434,-1955,-580,-1939,18,3,-1981,-318
2022-01-24,-1377,-4357,5936,7811,-820,-497,18,-20,-555,-197
2022-01-25,5733,-4411,-1681,-242,-11,44,8,-23,-1458,257
2022-01-26,2218,-2425,-158,2578,-865,-265,21,-22,-1604,357
2022-01-27,-1393,-17142,18478,1033,1517,3782,0,-84,12231,-29
2022-01-28,2735,-7067,3923,549,781,1844,44,-3,707,352
2022-02-03,-1339,839,497,-1092,224,-64,80,11,1336,5
2022-02-04,-4149,1945,2144,-1396,227,1458,67,-30,1818,101
2022-02-07,8109,-69,-8325,-7517,186,-206,6,-14,-780,285
2022-02-08,456,-939,394,648,-191,-375,31,39,241,112
2022-02-09,-4601,2355,1970,1960,1,-147,23,-14,147,235
2022-02-10,-3068,8365,-5419,-4322,44,-1039,1,-35,-68,142
2022-02-11,706,6081,-6953,-3824,112,-593,-9,-74,-2565,144
2022-02-14,-1893,684,961,407,-24,-1132,15,-48,1743,266
2022-02-15,1705,-2209,342,1507,-97,-945,16,29,-167,144
2022-02-16,-2080,-437,2254,2418,-122,-37,-10,6,-1,271
2022-02-17,-10983,6515,4345,1062,69,2611,8,14,579,145
2022-02-18,422,-1507,1040,508,37,2,2,21,470,53
2022-02-21,1016,-649,-896,-1206,345,-23,-1,19,-31,514
2022-02-22,6714,-3304,-3823,-2480,-113,-500,52,10,-792,375
2022-02-23,634,-2668,1896,1808,-156,-63,27,6,274,137
2022-02-24,10998,-6742,-4826,-3088,-85,-723,75,53,-1058,498
2022-02-25,-852,-1242,1942,2707,-186,109,22,3,-713,140
2022-02-28,2908,965,-3801,-2767,-157,-519,-107,-8,-242,-73
2022-03-02,4264,-3074,-1322,-1289,244,-277,-2,-2,4,121
2022-03-03,-3912,1327,2591,1357,400,309,61,-18,482,-11
2022-03-04,9868,-5890,-4256,-3217,444,-751,44,88,-863,256
2022-03-07,21153,-11907,-9598,-6308,15,-1880,-23,27,-1430,260
2022-03-08,7320,-4774,-2914,-1485,46,-1129,40,3,-389,330
2022-03-10,-3525,-4278,7645,7384,206,568,32,27,-572,150
2022-03-11,10294,-6894,-3710,-2895,73,-4,79,-12,-951,277
2022-03-14,6250,-6391,55,-166,226,-810,6,-18,816,94
2022-03-15,5986,-6790,478,-238,10,-403,33,15,1060,288
2022-03-16,-2363,-1319,3656,2738,-127,497,-32,27,553,48
2022-03-17,-6954,4635,2504,1968,195,579,52,14,-304,-189
2022-03-18,1353,-1031,-143,-141,46,-576,31,-31,529,-190
2022-03-21,8060,-4915,-3346,-1829,42,-736,-208,-24,-591,185
2022-03-22,-1855,2195,-323,2867,-81,486,-3856,-204,465,-20
2022-03-23,-2985,571,2355,2330,-142,-315,-9,-62,553,59
2022-03-24,5091,10219,-15859,-1810,-27,0,-13752,-11,-259,605
2022-03-25,6634,-5549,-1278,-1141,-111,-229,-8,168,43,161
2022-03-28,1921,-2643,676,1382,-262,-583,12,90,36,31
2022-03-29,-85,-2832,3266,4254,-208,-425,-7,-7,-342,-382
2022-03-30,-1380,-93,1593,2252,109,-610,-8,134,-285,-117
2022-03-31,-128,-1739,1887,1631,-166,257,-23,122,66,-17
2022-04-01,8460,-726,-7830,-6096,-172,-489,-14,86,-1146,52
2022-04-04,-26,232,136,214,-214,309,-15,68,-226,-333
2022-04-05,2382,119,-2478,-1918,-260,-224,-25,72,-123,-48
2022-04-06,11402,-5894,-5658,-4424,-297,-35,-49,109,-962,92
2022-04-07,12799,-7696,-5203,-3830,-173,-1043,-49,81,-190,87
2022-04-08,4234,-4588,98,-31,-235,162,-47,63,186,213
2022-04-11,1259,-1357,18,-419,-175,457,27,-22,150,66
2022-04-12,5614,-4683,-1203,-925,-238,158,176,129,-503,247
2022-04-13,-5842,-633,6393,3266,-222,1647,16,175,1510,98
2022-04-14,898,-2549,1547,864,62,1583,0,84,-1046,84
2022-04-15,7486,-3210,-4426,-5032,110,441,-41,3,93,120
2022-04-18,1020,-962,-188,-522,9,-105,1,13,415,115
2022-04-19,-3431,316,3364,1503,103,471,14,-2,1276,-264
2022-04-20,738,943,-1612,-2527,32,345,8,9,521,-73
2022-04-21,-5667,-577,6366,5104,-103,644,-28,-10,759,-102
2022-04-22,8362,-1565,-6975,-5972,-116,-214,-26,-15,-633,169
2022-04-25,10634,-7099,-3476,-2374,12,-990,-11,-37,-77,71
2022-04-26,-608,-2453,2697,1404,-263,230,-15,-13,1354,377
2022-04-27,9052,-6811,-2418,-994,183,-2345,7,-244,975,164
2022-04-28,-1687,-378,1942,-530,106,1255,-36,-7,1154,109
2022-04-29,-4933,143,4931,2061,91,1779,-149,-17,1166,-142
2022-05-02,2247,-681,-1806,-960,-187,-582,69,-95,-52,234
2022-05-03,1042,1150,-2140,-1761,-163,246,-2,-1,-459,-92
2022-05-04,1009,306,-1502,644,-61,-1353,-16,-132,-584,179
2022-05-06,7644,-4863,-3001,-1534,-147,-1464,26,3,115,168
2022-05-09,3381,-1977,-1768,723,-409,-963,24,-29,-1114,344
2022-05-10,2856,-3177,75,956,-71,-720,72,-168,7,265
2022-05-11,3453,-2900,-893,-1294,-73,420,45,3,7,329
2022-05-12,3909,-2821,-1575,-416,-3,-66,-15,-49,-1025,464
2022-05-13,-9082,684,8618,6286,-238,1411,10,-107,1256,-178
2022-05-16,650,18,-1159,-1048,-108,-79,18,-82,141,500
2022-05-17,-3083,-524,5409,4760,-159,183,10,-26,641,-1783
2022-05-18,260,2973,-3496,-3179,-86,2531,42,-25,-2778,263
2022-05-19,5168,-909,-4828,-3546,-20,-1508,-15,-66,326,556
2022-05-20,-10412,1966,8365,7418,-3,210,-77,-109,928,104
2022-05-23,-1653,-304,1697,3447,-22,-1173,-49,79,-585,255
2022-05-24,5786,-3254,-2821,-1682,-121,-630,-73,50,-365,271
2022-05-25,-3581,-1655,5112,5510,24,-754,0,-29,360,132
2022-05-26,930,377,-1546,-332,-185,-133,-11,-88,-797,249
2022-05-27,-7447,2760,5544,4981,40,331,14,-99,277,-835
2022-05-30,-8021,3541,4204,3154,165,768,-20,-71,209,324
2022-05-31,-5090,10573,-5854,-5725,-24,65,-3,-116,-52,357
2022-06-02,7928,-909,-7489,-6691,-62,-700,19,-84,30,431
2022-06-03,-3104,-88,3220,2135,-51,530,26,-64,643,10
2022-06-07,9924,-2089,-8230,-6863,-83,-805,-15,-76,-388,354
2022-06-08,1392,-1245,-554,109,-139,-744,8,-68,280,392
2022-06-09,3730,-9373,5553,6324,162,219,-6,-82,-1064,58
2022-06-10,11066,-8517,-2814,-2926,-56,-885,70,7,976,230
2022-06-13,6679,-5009,-2181,-200,-493,-1306,27,5,-215,458
2022-06-14,373,-2811,1950,1968,-135,-165,-88,-6,376,458
2022-06-15,3465,-4609,797,1658,-118,-63,-112,-55,-512,492
2022-06-16,-1560,1457,-187,135,-166,-89,-16,-57,7,196
2022-06-17,2760,-3902,531,4008,-2981,-351,75,5,-227,590
2022-06-20,1829,-6659,4448,4998,-113,-286,-55,-4,-92,350
2022-06-21,-2335,-3201,5407,5009,49,456,-5,17,-119,133
2022-06-22,3756,-3202,-794,358,-115,-658,-31,-18,-331,246
2022-06-23,-6726,-2961,9264,9744,-36,216,-343,-67,-250,422
2022-06-24,-6243,-337,6412,5518,60,787,-67,-47,162,199
2022-06-27,-931,2663,-2026,-2866,57,1115,15,-4,-341,302
2022-06-28,1059,-354,-885,-367,126,-186,-2,21,-476,202
2022-06-29,6953,-2329,-5046,-4073,95,-621,-49,1,-400,366
2022-06-30,5208,-2339,-3204,-2369,250,-1020,-28,-18,-18,331
2022-07-01,3274,-3400,-58,1328,19,-906,-152,1,-348,188
2022-07-04,-1825,-1385,3110,4254,44,-1082,-111,7,-1,118
2022-07-05,-3983,1324,2501,731,456,1033,-1,-15,297,152
2022-07-06,8969,-477,-8908,-4673,-4,-774,-208,-2783,-466,403
2022-07-07,-4703,1448,3130,2169,167,210,-133,35,682,143
2022-07-08,-874,2427,-1832,-1802,152,77,30,17,-305,233
2022-07-11,1922,-202,-1880,-709,40,-813,37,6,-442,142
2022-07-12,2677,-445,-2388,-1447,8,-1051,9,32,61,151
2022-07-13,-2552,-1010,3565,2491,58,638,2,37,339,12
2022-07-14,1037,3988,-5335,-5926,185,756,14,29,-393,310
2022-07-15,-202,2622,-2629,-2928,85,57,-48,13,191,199
2022-07-18,-4214,6278,-2000,-2668,143,480,181,-116,-21,-61
2022-07-19,916,393,-1441,-1920,126,-59,22,29,361,140
2022-07-20,642,-393,-595,-579,-124,285,9,47,-232,353
2022-07-21,-3295,4402,-1133,-2038,-137,1006,60,9,-33,36
2022-07-22,2525,359,-3036,-971,-201,-1489,32,-15,-392,136
2022-07-25,-2802,916,1928,2018,-16,515,11,36,-636,-26
2022-07-26,-482,14,459,550,62,-72,-2,23,-102,2
2022-07-27,2119,-1177,-552,2214,151,-3050,-46,-124,302,-395
2022-07-28,-3280,4116,-602,477,-3,-380,-59,-32,-605,-207
2022-07-29,-4932,3416,1478,3125,-30,-787,-21,-6,-802,81
2022-08-01,411,1342,-1755,-797,16,-609,-11,4,-358,-18
2022-08-02,2924,2941,-5960,-3579,5,-1658,-32,14,-710,74
2022-08-03,-3309,4754,-1465,-375,-156,-971,30,46,-39,17
2022-08-04,120,2010,-2265,-2099,49,-565,7,11,332,171
2022-08-05,-4157,3746,439,984,78,-499,8,-39,-93,-37
2022-08-08,832,1733,-2962,-2963,-470,211,1,-15,275,372
2022-08-09,-1767,306,1371,720,-132,-416,4,-30,1224,67
2022-08-10,2621,-1050,-2032,-695,-144,-696,70,2,-569,433
2022-08-11,-6013,1417,4612,3913,142,710,46,-49,-150,15
2022-08-12,-2243,-137,2027,1760,-49,-254,-3,-40,612,346
2022-08-16,-543,503,-174,497,-129,-435,-10,0,-95,226
2022-08-17,1547,511,-1998,677,-372,-1330,-18,1,-956,-64
2022-08-18,1344,3047,-4440,-2799,5,-832,5,45,-864,65
2022-08-19,2708,3328,-6243,73,-103,-136,-4257,-18,-1802,197
2022-08-22,1310,1171,-2375,-1320,-115,-444,-27,-13,-456,-127
2022-08-23,1387,-2,-1309,-695,-135,-302,-4,32,-205,-85
2022-08-24,-37,1500,-1411,-1548,37,137,24,10,-70,-58
2022-08-25,-1797,414,1199,629,-63,261,32,1,339,179
2022-08-26,-2539,2390,4768,498,85,4215,18,-38,-10,-4631
2022-08-29,5996,-480,-5567,-3814,-264,-1602,23,35,55,160
2022-08-30,1559,-397,-1354,-482,-151,-773,-4,36,20,198
2022-08-31,446,7453,-2288,-1861,21,-245,-18,-2,-182,-5605
2022-09-01,11480,-2911,-8871,-5652,-199,-2199,11,-651,-180,272
2022-09-02,2949,-1760,-1426,-1974,-47,408,5,-93,276,208
2022-09-05,-661,-676,1337,1604,-138,-203,42,-8,40,18
2022-09-06,852,-785,-132,-279,-119,207,129,40,-110,73
2022-09-07,6860,-4940,-2264,-419,-407,-1624,-44,0,229,294
2022-09-08,1407,-3857,2341,2123,23,721,3,55,-582,108
2022-09-13,-11030,4005,7154,6442,40,308,47,15,303,-93
2022-09-14,3897,-1645,-2396,-3037,-44,-763,28,-8,1428,133
2022-09-15,3497,-2243,-1440,-2033,75,171,40,12,294,175
2022-09-16,4444,-473,-4082,-2286,-59,-1509,-16,-49,-164,101
2022-09-19,277,-5,-412,670,-94,-694,2,-15,-282,134
2022-09-20,-2252,-591,2833,2604,-69,-42,-7,26,321,1
2022-09-21,3290,-2751,-673,-175,6,-90,13,-1,-426,136
2022-09-22,3126,-594,-2814,-2402,51,-352,39,-24,-127,273
2022-09-23,4313,-1944,-2510,-154,-222,-1774,53,-25,-387,102
2022-09-26,-2421,-34,2767,6042,-159,-2113,27,-18,-1012,-289
2022-09-27,-308,-2463,2573,3203,0,16,-11,16,-652,170
2022-09-28,3236,-1460,-1809,-456,-255,-274,26,-22,-829,-7
2022-09-29,-2242,2209,-22,-134,-87,571,19,20,-413,68
2022-09-30,-2816,1679,1082,159,-6,915,-8,-5,27,87
2022-10-04,-2040,2172,-173,-570,-60,634,-35,27,-170,32
2022-10-05,4531,776,-5511,-6109,-355,359,27,25,542,196
2022-10-06,-1855,2510,-740,-476,90,-260,3,-1,-96,72
2022-10-07,458,1001,-1538,-1563,-135,-736,1,78,817,75
2022-10-11,1086,1962,-3097,-2946,-37,-1584,26,56,1389,45
2022-10-12,-1460,2350,-1050,-784,67,-102,-3,50,-278,130
2022-10-13,720,2009,-2994,-430,-150,-1041,9,83,-1464,261
2022-10-14,-6229,2657,3631,2217,-185,883,-12,84,644,-21
2022-10-17,545,2658,-3173,-2465,-82,-347,-20,51,-310,6
2022-10-18,-2279,774,1546,1248,-11,589,-10,39,-308,-48
2022-10-19,-911,1477,-824,-1111,141,368,0,73,-294,238
2022-10-20,3999,-37,-4094,-2422,-221,-1043,7,40,-454,328
2022-10-21,-695,293,89,1848,-143,-908,-12,99,-794,280
2022-10-24,-4823,1512,3216,2837,-19,871,-23,9,-459,154
2022-10-25,-1342,739,657,1180,-96,71,-6,7,-497,-46
2022-10-26,-4970,6020,-1078,-1168,112,462,-20,12,-477,45
2022-10-27,-9038,3817,5145,5501,95,23,10,40,-524,106
2022-10-28,-679,-1904,2520,4260,146,-1299,25,-28,-585,81
2022-10-31,-2058,2321,-279,-105,230,24,-28,45,-445,34
2022-11-01,-7234,4939,1943,1354,-20,488,15,53,53,367
2022-11-02,-1818,5252,-3383,-3541,42,307,-9,53,-235,-40
2022-11-03,3875,1716,-5841,-6856,195,-41,-3,46,817,231
2022-11-04,-1458,414,1014,892,49,362,18,45,-352,24
2022-11-07,-4050,1100,2767,2540,-56,809,-16,60,-570,163
2022-11-08,-7239,2824,4361,4902,57,-499,-21,24,-102,97
2022-11-09,-7770,4172,3466,3985,-85,-334,-88,93,-106,157
2022-11-10,2394,-1098,-1687,44,-121,-1078,-10,31,-554,375
2022-11-11,-16732,7053,9915,8428,152,1300,-13,-16,64,-187
2022-11-14,194,1429,-1713,168,-160,-1100,2,33,-657,87
2022-11-15,3258,-2350,-801,2259,-62,-2115,10,-125,-768,-101
2022-11-16,1782,915,-2304,697,-38,-1689,-12,-36,-1226,-362
2022-11-17,4879,-3843,-1204,227,-221,-692,-1,-18,-499,145
2022-11-18,-1503,1976,-775,-67,-139,-35,13,24,-571,283
2022-11-21,663,-1653,798,2801,-42,-1409,1,-8,-544,188
2022-11-22,-242,157,-34,1028,-58,-302,19,-109,-612,118
2022-11-23,-967,896,-245,818,-44,-218,-75,-6,-719,309
2022-11-24,-2178,1270,660,-115,-47,676,35,-3,114,255
2022-11-25,-1159,3127,329,-39,16,409,7,-13,-50,-2301
2022-11-28,3534,-1252,-2661,-1190,-142,-676,0,17,-671,353
2022-11-29,-3909,623,3172,1861,106,601,2,-18,620,136
2022-11-30,-6100,11446,-4972,-5862,102,830,-6,-12,-22,-214
2022-12-01,-2793,337,2276,2522,-16,4,-24,-22,-188,191
2022-12-02,9095,-4060,-5092,-3326,-222,-1101,14,-45,-412,31
2022-12-05,3022,-2936,-149,1132,-120,-1202,8,55,-23,59
2022-12-06,3811,-990,-3063,-1116,-141,-1159,-47,-59,-540,221
2022-12-07,1814,-1982,-10,1304,-50,-1068,20,42,-258,157
2022-12-08,2064,-4665,2260,2078,615,284,-50,42,-708,437
2022-12-09,-5096,1003,4076,3895,-104,65,-3,0,223,25
2022-12-12,0,178,-440,244,-99,-437,-14,-1,-134,269
2022-12-13,349,-1121,441,358,-106,248,-2,-8,-49,328
2022-12-14,-4522,2334,2142,1992,-46,177,-24,15,28,62
2022-12-15,4578,-576,-4371,-2983,-310,-780,16,16,-328,354
2022-12-16,263,2927,-3515,-2846,-103,-503,-87,17,7,330
2022-12-19,-177,-234,282,866,-140,-372,-2,2,-73,136
2022-12-20,1035,-1038,-268,339,-116,-166,-5,-9,-311,278
2022-12-21,-892,-1046,1839,1502,-21,374,34,0,-49,86
2022-12-22,-5660,-45,5852,10030,-122,905,10,-5040,70,-136
2022-12-23,-1850,-665,2514,2773,-11,-453,28,-27,204,33
2022-12-26,-6141,-371,6606,4733,902,1073,50,27,-178,-59
2022-12-27,-11331,502,10489,9424,421,1382,-10,-60,-669,359
2022-12-28,10774,-3108,-8286,-7687,-137,-444,-92,80,-6,546
2022-12-29,6710,-1437,-5763,-5661,-44,-185,60,78,-10,456
2023-01-02,2230,53,-2664,-1667,-486,-275,-8,8,-237,368
2023-01-03,2748,883,-3558,-3536,82,-268,0,99,65,-108
2023-01-04,-2959,2610,-2,-1897,-18,1432,-26,111,395,354
2023-01-05,-1645,5023,-3517,-3823,7,-115,-7,1,420,131
2023-01-06,-5640,3157,2437,-254,573,1245,-22,10,885,62
2023-01-09,-13952,6573,7419,3908,1350,1511,55,121,473,15
2023-01-10,-2988,-20,2969,2266,233,397,60,-4,17,41
2023-01-11,-2064,349,1746,2093,-55,-314,-12,24,9,-18
2023-01-12,-489,4858,-4371,-4175,110,320,-52,21,-596,17
2023-01-13,-7774,5715,2127,1595,51,180,7,-11,304,-35
2023-01-16,-4906,3000,2218,1862,125,302,-23,-43,-6,-190
2023-01-17,1282,1792,-3096,-1649,-254,-663,-12,15,-534,43
2023-01-18,1490,731,-2166,-667,-193,-861,7,-83,-369,-52
2023-01-19,-2602,5721,-3148,-1749,-132,-446,-7,-4,-810,47
2023-01-20,-2465,2310,91,-143,56,271,71,23,-187,65
2023-01-25,-7903,7682,276,380,-182,85,-55,9,39,-19
2023-01-26,-10523,8123,2472,1034,130,1197,-2,14,99,-69
2023-01-27,-11848,9740,2235,2750,-136,-351,6,2,-36,-82
2023-01-30,4619,155,-4124,-2735,-88,-1802,60,-23,464,-659
2023-01-31,3076,-4751,1560,2758,-106,-1200,70,17,21,98
2023-02-01,-183,1959,-1949,-523,116,-786,-6,34,-784,149
2023-02-02,-3550,5557,-2776,-1585,110,-601,17,43,-759,775
2023-02-03,-4163,5868,-1941,-630,196,-1025,-78,41,-445,237
2023-02-06,7904,-3134,-5066,-5139,-98,-410,-33,20,594,264
2023-02-07,3267,-579,-2788,-2613,-141,-52,12,45,-40,73
2023-02-08,-5640,5926,40,-544,-43,758,41,91,-263,-195
2023-02-09,2148,1501,-3863,-3181,-69,-618,-13,119,-102,212
2023-02-10,5549,488,-6269,-5051,-77,-1489,18,103,227,201
2023-02-13,3425,671,-4118,-2346,-161,-1743,-1,97,35,-1
2023-02-14,-3855,609,3018,2707,-221,-83,66,128,421,225
2023-02-15,10163,-2687,-7782,-5568,-115,-1636,-4,95,-554,277
2023-02-16,-9366,696,8485,7477,14,624,0,135,234,245
2023-02-17,2231,1196,-3834,-3841,65,-217,7,148,4,396
2023-02-20,934,-3154,1728,1896,-35,-451,3,171,144,458
2023-02-21,335,299,-939,-2107,44,577,0,179,368,399
2023-02-22,8856,-1951,-6866,-5070,-40,-1521,17,180,-431,-78
2023-02-23,-3317,109,3004,2545,-60,452,-14,148,-67,223
2023-02-24,3598,-3004,-957,-868,39,-283,26,186,-57,346
2023-02-27,6757,-3249,-4200,-4502,-126,62,43,191,132,660
2023-02-28,-1453,-2868,4104,2613,-89,992,-3,154,437,234
2023-03-02,-4043,5333,-903,-2637,85,1421,16,161,51,-395
2023-03-03,220,-909,336,124,-88,411,-13,127,-227,345
2023-03-06,-7877,3271,4583,3522,135,366,8,158,393,60
2023-03-07,-2167,3406,-1346,-2843,-18,675,-4,177,667,165
2023-03-08,9428,577,-9514,-9454,-56,-461,25,81,352,-557
2023-03-09,3608,-9732,5799,4275,69,654,110,155,536,314
2023-03-10,5132,-3265,-2371,-3405,-63,-165,38,199,1025,497
2023-03-13,-3281,186,3077,1231,-52,762,16,199,922,24
2023-03-14,5649,-6398,261,555,-33,-1179,107,231,580,474
2023-03-15,-2478,-746,2909,2463,111,-80,17,167,231,350
2023-03-16,703,-887,-21,-1347,-92,554,5,145,713,213
2023-03-17,-1743,801,816,389,-48,531,-24,170,-202,193
2023-03-20,901,-2062,1067,990,9,-121,8,158,24,109
2023-03-21,-839,-557,1140,863,9,151,35,104,-21,252
2023-03-22,-3471,2040,1428,996,33,371,8,124,-104,12
2023-03-23,-4122,2145,2149,1745,46,-49,42,102,263,-155
2023-03-24,1817,1243,-2153,-3064,-81,875,3,123,-10,-946
2023-03-27,344,-946,697,1707,-47,-923,49,17,-105,-93
2023-03-28,-2796,-414,3231,3087,-43,390,7,-24,-187,-7
2023-03-29,-3339,286,3283,2031,15,837,18,-25,409,-191
2023-03-30,-1115,2632,-4289,-621,-5,-926,-4,-2782,49,2766
2023-03-31,-7217,6877,369,2056,17,-69,-1710,-5,81,7
2023-04-03,4862,-1641,-3412,-3319,38,27,1,-11,-148,174
2023-04-04,806,-3127,2142,2558,-92,336,-5,38,-695,161
2023-04-05,-2763,-175,3012,3295,0,36,10,-16,-312,-63
2023-04-06,9561,-4915,-4981,-4847,16,-415,6,-26,284,298
2023-04-07,-10164,6951,2863,1225,220,1299,-26,-2,147,367
2023-04-10,-6736,7405,-283,-572,56,525,-72,-76,-144,-276
2023-04-11,-4916,1871,2948,2185,-31,244,-9,-56,615,133
2023-04-12,-1088,2352,-1467,-1970,-94,797,31,-22,-208,220
2023-04-13,-1805,-3463,4976,4415,-16,675,6,-16,-87,293
2023-04-14,-4364,1871,2614,2342,59,-363,-9,-151,736,80
2023-04-17,3378,-168,-3240,-2726,-87,-252,-70,-36,-69,-3
2023-04-18,3635,3888,-7102,-5475,-25,-1149,-53,-57,-343,-446
2023-04-19,-385,-69,448,499,-121,-392,1,0,461,9
2023-04-20,-875,1542,-758,564,-17,-1051,202,-12,-445,66
2023-04-21,-1949,2778,-841,2324,-229,-2528,-5,-1,-402,-11
2023-04-24,-828,-335,1043,2488,-52,-1015,33,-22,-388,152
2023-04-25,-23,86,1,487,73,-812,36,-27,244,-64
2023-04-26,2219,-925,-1550,-620,-42,-1045,12,-7,153,245
2023-04-27,1868,2801,-4851,-5718,104,452,8,-21,324,157
2023-04-28,1360,2978,-3551,-3473,44,25,17,37,-200,-814
2023-05-02,-5545,3448,2285,1919,-2,106,13,47,202,-162
2023-05-03,3485,-914,-2633,-1916,-15,-539,-8,45,-200,54
2023-05-04,2267,396,-2694,-2610,157,338,-4,62,-637,21
2023-05-08,-6981,2530,4495,4459,165,941,-3,53,-1120,-18
2023-05-09,-1774,1152,636,144,-13,186,17,20,283,-21
2023-05-10,59,1155,-1111,-1112,-12,590,31,5,-615,-119
2023-05-11,-849,18,848,137,-11,453,58,34,176,2
2023-05-12,3577,-2475,-1066,-614,-145,-374,-4,71,0,-32
2023-05-15,-1029,-498,1449,919,-3,16,-6,43,481,106
2023-05-16,-1281,2283,-575,-120,-14,-470,0,20,9,-429
2023-05-17,-3318,1640,1574,397,88,425,5,81,578,96
2023-05-18,-4466,5379,-817,-841,82,-246,24,60,103,-77
2023-05-19,-11008,5579,5582,6570,-59,166,4,60,-1160,-123
2023-05-22,-7879,2995,5330,5174,-117,54,-3,51,171,-410
2023-05-23,-3384,-535,3994,3539,62,-106,-26,72,451,-70
2023-05-24,1331,935,-1854,-1387,29,-920,-8,41,393,62
2023-05-25,3832,2244,-6145,-4848,-90,-236,-160,28,-840,52
2023-05-26,-4131,9113,-5062,-3157,-160,-681,-38,6,-1032,90
2023-05-30,-5421,6751,-1126,530,-382,-1127,-50,142,-239,-178
2023-05-31,467,2156,-2872,-342,-208,-1717,4,136,-744,204
2023-06-01,3583,-82,-3847,-1523,-181,-1249,-27,31,-898,251
2023-06-02,-5762,3728,2000,1865,-115,715,-92,42,-415,-36
2023-06-05,-4345,-195,4528,2995,140,1038,9,18,329,47
2023-06-07,-2950,-403,3488,4034,-143,-181,6,43,-272,-110
2023-06-08,664,-3838,3186,2290,629,95,-32,-18,222,-17
2023-06-09,-8240,4808,3665,2716,-17,960,-39,73,-29,-185
2023-06-12,3459,-3420,-149,2413,-580,-491,-4,50,-1537,90
2023-06-13,-2491,1368,1338,4291,-344,-267,-34,-1,-2307,-217
2023-06-14,393,1128,-1284,-65,1,473,-9,-4,-1679,-236
2023-06-15,2371,-641,-1905,789,-93,-475,-11,-16,-2099,155
2023-06-16,-2087,4280,-2144,-1216,26,216,-9,-81,-1080,-59
2023-06-19,4301,-3604,-773,2300,-105,-936,-8,-57,-1967,75
2023-06-20,4083,-2812,-1348,540,-46,-881,-6,-31,-925,61
2023-06-21,6208,-2000,-1333,500,-69,-774,-27,4,-967,-2905
2023-06-22,-1056,-1068,2141,790,-125,251,-182,2,1404,10
2023-06-23,5962,-1878,-4447,-3910,-197,-190,11,-11,-150,328
2023-06-26,-2247,150,2298,2761,-218,-64,2,27,-209,-176
2023-06-27,587,-1083,161,-1616,169,371,39,13,1185,280
2023-06-28,3020,-3923,588,875,-15,-377,21,-16,101,322
2023-06-29,1306,553,-1791,-2285,53,242,-54,12,242,-92
2023-06-30,-702,-1784,2300,1897,83,-191,6,21,483,153
2023-07-03,-7503,-133,7711,8757,16,1121,-5,1,-2179,-60
2023-07-04,2942,-594,-2983,-38,-37,-199,-12,1,-2698,623
2023-07-05,3213,2560,-6143,-5788,-91,293,3,7,-568,360
2023-07-06,5513,-1684,-4216,-5599,12,-989,41,-107,2427,366
2023-07-07,7662,-451,-7650,-3506,-209,-3913,-40,-151,169,403
2023-07-10,3114,-1557,-1901,-1716,136,-435,-38,-6,158,321
2023-07-11,-4283,2687,1664,823,240,-59,-10,-21,691,-14
2023-07-12,-2670,2188,284,-750,-14,1083,-219,-111,294,215
2023-07-13,-7190,2173,5079,3490,48,2073,-36,25,-522,-10
2023-07-14,-13290,6152,7757,7895,-45,-559,-40,2,505,-612
2023-07-17,4258,-1646,-2313,57,-184,-830,-40,9,-1325,-261
2023-07-18,4773,-1551,-3315,-2529,-104,-618,-22,-16,-26,103
2023-07-19,3668,-403,-3257,-2118,-31,-1528,-79,12,488,62
2023-07-20,1504,1627,-3164,-2712,-118,-692,-32,-54,443,8
2023-07-21,2812,-2904,154,175,-64,199,-64,-16,-77,-74
2023-07-24,4718,-1709,-3046,-2233,-31,-324,-93,6,-372,41
2023-07-25,13763,-13534,-689,439,-54,-496,-91,-96,-391,556
2023-07-26,9932,-9467,-660,2480,-218,-2635,-76,-31,-180,192
2023-07-27,-5071,823,4351,4931,-180,347,-32,-32,-684,-83
2023-07-28,3921,602,-4565,-2829,-89,-711,-81,-12,-843,5
2023-07-31,3440,-2923,-921,-838,-99,310,7,76,-377,389
2023-08-01,-5509,1978,3332,2659,158,879,-41,78,-400,258
2023-08-02,7734,-701,-6866,-4352,-198,-1785,-5,37,-564,-193
2023-08-03,8096,-1508,-6659,-4907,-4,-291,23,86,-1565,54
2023-08-04,4749,-2453,-2352,-1484,-87,228,-70,60,-999,26
2023-08-07,281,2811,-3286,-1692,-25,-481,-42,67,-1112,174
2023-08-08,5569,-1419,-4397,-2728,-114,-305,-35,50,-1265,225
2023-08-09,-876,3657,-2943,-1590,65,-1178,-41,67,-266,178
2023-08-10,2600,-2331,-907,82,117,-546,-35,54,-580,631
2023-08-11,1829,-1906,-62,96,135,343,-53,34,-618,145
2023-08-14,4277,-1202,-3328,-2651,-56,-308,-11,39,-342,235
2023-08-16,3225,-19,-3582,-1764,-276,-1700,-46,22,182,390
2023-08-17,861,-12,-978,-1351,80,383,12,115,-218,94
2023-08-18,3583,-1080,-2843,-1863,-42,-681,-32,68,-293,307
2023-08-21,-113,-340,270,362,34,35,5,67,-234,187
2023-08-22,510,-148,-61,-133,80,149,37,86,-280,-291
2023-08-23,806,206,-885,405,59,-922,11,80,-518,-150
2023-08-24,-3953,1106,2936,1217,202,1010,-22,55,474,-77
2023-08-25,3796,-1915,-1762,-1801,42,-271,-21,6,282,-102
2023-08-28,-2709,-135,3048,1665,88,1120,-108,27,255,-93
2023-08-29,477,-1612,653,-53,-97,582,-14,15,220,479
2023-08-30,-1780,-165,1765,2228,-307,-184,-18,33,13,224
2023-08-31,120,-2157,1607,3005,-323,-713,-60,-8,-294,405
2023-09-01,-1763,3691,-2180,-1188,-162,59,-11,24,-902,257
2023-09-04,-3882,4128,-427,250,-53,406,-15,3,-1019,237
2023-09-05,-403,1618,-1505,-1114,2,302,-8,-10,-677,296
2023-09-06,3399,-693,-3057,-1983,-205,-284,-16,-4,-564,347
2023-09-07,2470,-59,-2750,-638,-551,-964,-17,-10,-570,315
2023-09-08,2170,-3552,1083,2290,-360,-637,26,2,-237,289
2023-09-11,-754,238,340,564,-156,220,-18,7,-277,193
2023-09-12,2197,-2981,544,1233,-84,-386,-11,-3,-206,211
2023-09-13,-1896,1133,545,815,-22,196,26,-19,-451,219
2023-09-14,-7110,-5173,12233,9943,-86,1995,-8,-17,405,74
2023-09-15,-11277,478,10680,9432,159,1187,-50,-28,-21,123
2023-09-18,3915,-3745,-143,-609,21,634,-14,-69,-107,-13
2023-09-19,3165,-16,-3846,-2917,17,-614,-22,-18,-292,655
2023-09-20,889,-1676,513,1374,162,-634,-17,4,-376,261
2023-09-21,7681,-686,-7221,-6118,-179,-810,67,-15,-165,206
2023-09-22,2070,-1278,-979,-6,66,-292,35,12,-795,162
2023-09-25,466,-1322,699,3290,-179,-796,8,-18,-1604,172
2023-09-26,4941,-426,-4729,-3158,-182,-933,-11,-62,-383,190
2023-09-27,901,-282,-788,-1114,175,373,11,-6,-228,160
2023-10-04,8327,-4230,-4495,-3404,-97,-819,-208,-106,139,347
2023-10-05,3190,-2721,-60,1272,-39,-716,-183,-1075,680,-419
2023-10-06,1412,-3263,1771,2090,-128,-234,-12,27,28,71
2023-10-10,-3821,-2078,5898,6164,-122,-92,86,15,-153,9
2023-10-11,-5098,-1196,6222,4528,254,837,-8,-3,614,85
2023-10-12,-1916,-580,2624,1129,76,806,13,15,585,-91
2023-10-13,4221,-1611,-2844,-2153,-117,-658,-52,1,135,195
2023-10-16,1944,-2106,87,308,-29,-157,-21,-15,0,70
2023-10-17,-2779,4282,-1375,-1253,-150,103,-46,5,-33,-120
2023-10-18,-2786,3461,-482,-170,-102,91,28,4,-334,-167
2023-10-19,3885,-1381,-2473,-1657,-169,-348,-35,-4,-260,-86
2023-10-20,1118,2103,-1758,-335,-151,-990,-98,-26,-158,-1478
2023-10-23,1646,-2584,705,1378,-103,-195,-63,-15,-296,211
2023-10-24,715,-1543,362,-346,36,383,-5,2,292,475
2023-10-25,3618,-3457,-631,-596,-7,486,-57,-51,-406,439
2023-10-26,3227,-4800,1108,1770,-154,-317,-94,-82,-14,454
2023-10-27,1014,-3801,2212,1830,45,-144,-102,25,558,566
2023-10-30,-260,-663,424,525,37,-129,-117,-3,111,463
2023-10-31,3434,-3273,-721,-322,20,-114,-33,5,-277,529
2023-11-01,-3784,-1273,4631,3701,138,543,-30,7,271,423
2023-11-02,-4365,1401,2727,2329,171,400,45,44,-262,238
2023-11-03,-3043,1340,1634,643,118,347,46,18,461,61
2023-11-06,-9360,7115,2222,3178,-94,-310,-17,-271,-264,90
2023-11-07,4590,4112,-3820,-2738,-259,119,-11,-12,-919,-4907
2023-11-08,-279,-137,757,2326,-236,78,-14,-11,-1385,-345
2023-11-09,-3097,2832,284,453,12,504,-6,-12,-667,26
2023-11-10,271,504,-1038,-741,73,384,-5,2,-752,270
2023-11-13,-234,138,-74,162,-1,-659,23,28,373,177
2023-11-14,-5439,-911,6269,5684,5,177,44,4,355,107
2023-11-15,-16154,5544,10916,10962,384,44,28,-23,-479,-257
2023-11-16,-3927,4571,-620,-1612,119,242,5,22,604,-12
2023-11-17,2930,-752,-2412,-817,-141,-1296,33,1,-193,213
2023-11-20,-5394,1000,4379,3546,257,180,18,-22,400,46
2023-11-21,-4383,3529,1102,1151,-42,-31,-25,23,26,-234
2023-11-22,-58,1430,-1531,-934,-114,-384,20,30,-149,152
2023-11-23,-571,1185,-810,-77,-75,-124,70,9,-613,182
2023-11-24,1522,-2148,426,1040,-79,-276,46,62,-367,178
2023-11-27,-1410,-1063,2520,2271,-149,255,157,16,-31,-32
2023-11-28,-4820,-947,5735,4815,129,718,59,9,5,26
2023-11-29,686,799,-1388,-2435,76,363,63,29,516,-106
2023-11-30,-3754,1253,2572,2494,-199,145,98,16,18,-44
2023-12-01,5665,-1767,-4142,-2990,-178,-648,-12,6,-321,252
2023-12-04,-4134,2571,1711,1347,-17,270,-27,42,97,-169
2023-12-05,1466,294,-1769,-2295,74,-149,-9,-346,957,10
2023-12-06,-955,-1457,2401,2439,-121,382,-18,27,-308,5
2023-12-07,1516,361,-2049,-2030,-101,-175,-30,-20,306,135
2023-12-08,-6601,2038,4375,2770,-104,850,-24,47,836,213
2023-12-11,-1995,53,1633,1573,-249,-16,-5,59,271,316
2023-12-12,-6892,749,5932,6576,234,-305,-38,25,-559,230
2023-12-13,-27,-1309,948,641,-21,-229,-32,19,571,394
2023-12-14,-13483,6252,7061,3227,306,1813,17,101,1598,187
2023-12-15,-11456,8565,3051,2277,54,298,-19,117,324,-84
2023-12-18,1412,594,-2052,-1843,-352,-199,-87,-2,432,21
2023-12-19,308,-921,669,1334,-200,-625,-31,-12,202,-64
2023-12-20,-15952,4804,11549,10967,-55,592,-24,-29,97,-329
2023-12-21,-545,131,397,1794,-12,-757,26,-4,-650,28
2023-12-22,-2059,-373,2386,3774,-189,-1028,-82,-221,133,40
2023-12-26,-10522,823,9702,9586,71,314,60,-47,-281,38
2023-12-27,2043,2249,-4401,-2858,-600,-333,-388,-86,-135,96
2023-12-28,-13571,7017,6603,7854,-39,328,-119,-1718,297,19
2024-01-02,-3439,2282,1122,2070,-95,-260,-36,-70,-488,48
2024-01-03,13145,-973,-12225,-10263,-27,-1673,-37,9,-233,16
2024-01-04,6699,1149,-8001,-5736,-161,-1559,-26,0,-518,150
2024-01-05,5988,-510,-5728,-2257,-80,-1717,-15,-457,-1203,178
2024-01-08,2530,1700,-4375,-2527,-50,-1097,-6,4,-698,111
2024-01-09,-75,656,-646,1445,90,-955,28,-15,-1239,39
2024-01-10,3537,-238,-1413,176,12,-655,-48,-11,-886,-1905
2024-01-11,7181,22962,-30298,-4241,251,1205,-26945,2,-569,134
2024-01-12,4017,-2119,-1939,-533,-16,-796,64,-1,-657,64
2024-01-15,-474,-498,868,1895,30,-356,74,-21,-753,89
2024-01-16,5829,-1839,-4038,-2877,89,-490,74,-2,-832,5
2024-01-17,8509,-9056,-112,899,111,-325,69,-53,-814,627
2024-01-18,1213,-1326,-189,-120,97,129,49,43,-387,289
2024-01-19,-4579,7028,-2294,-1053,-82,-373,5,-38,-754,-143
2024-01-22,-2432,3001,-388,-219,-231,44,25,-26,18,-133
2024-01-23,-3595,1411,2057,1378,-4,69,-13,3,624,156
2024-01-24,922,726,-977,-354,59,-584,11,-48,-61,-672
2024-01-25,-2480,457,1972,1221,66,221,60,51,353,42
2024-01-26,-3915,3789,69,-1076,127,647,-2,-3,375,68
2024-01-29,-7263,5468,2149,-58,525,805,-13,0,890,-362
2024-01-30,-1888,-134,1930,810,135,493,-67,-37,595,94
2024-01-31,-818,892,-39,280,-17,-328,-7,-49,84,-10
2024-02-01,-12109,10452,2286,645,216,1857,15,-2,-445,-568
2024-02-02,-24896,19344,6473,4101,168,1005,-125,4,1320,-824
2024-02-05,5112,1795,-7240,-9680,-81,1226,85,-30,1239,335
2024-02-06,-1294,3378,-2295,-365,-391,-946,-62,1,-531,269
2024-02-07,-11289,5390,6261,6225,-20,98,-20,23,-45,-331
2024-02-08,-7202,4113,3050,1704,-147,892,19,22,560,97
2024-02-13,-14045,9608,4903,7750,-399,-1507,-42,5,-904,-346
2024-02-14,4094,1077,-5362,-4707,-400,-324,-33,-3,105,181
2024-02-15,331,-93,-477,1094,-296,-1160,-7,53,-162,308
2024-02-16,-8411,5643,2706,2770,55,-230,-12,65,58,124
2024-02-19,-10175,6158,4433,3087,-365,851,-81,21,920,-397
2024-02-20,1932,1081,-3445,-2352,-231,-912,9,-2,45,428
2024-02-21,-1005,-648,1323,825,-172,116,3,43,508,334
2024-02-22,-2744,1694,746,1207,-203,202,-18,42,-485,341
2024-02-23,-1151,1465,-555,883,-294,-1098,-105,15,44,212
2024-02-26,-423,1192,-859,576,-307,-1029,20,67,-187,135
2024-02-27,1670,359,-507,968,-46,-1002,-8,-804,386,-1511
2024-02-28,-5708,4779,385,766,62,-401,-44,14,-13,548
2024-02-29,3192,1795,-5137,-4452,-52,-464,-56,-280,167,185
2024-03-04,-6327,7702,445,-435,-79,104,33,84,739,-1789
2024-03-05,3983,855,-5451,-4072,-164,-1537,-82,63,341,613
2024-03-06,5353,-3774,-2141,-1321,-48,-615,-7,98,-247,536
2024-03-07,2632,-3246,-235,419,39,-670,11,108,-141,859
2024-03-08,-9065,1821,6978,6725,60,270,-27,103,-152,300
2024-03-11,1803,-1062,-1125,-387,98,-1167,8,48,276,374
2024-03-12,-1781,-3723,5055,4751,-18,428,19,109,-235,446
2024-03-13,-2517,3348,-1103,402,64,-2202,83,68,483,281
2024-03-14,-8389,4726,1865,-1863,313,632,26,1389,1366,1802
2024-03-15,10193,-10355,-610,146,-276,-1359,55,66,758,740
2024-03-18,-1865,-869,2254,3069,-184,-664,31,-13,14,458
2024-03-19,9226,-2414,-7013,-5388,-331,-1475,13,-16,183,175
2024-03-20,-14054,8538,5866,5554,70,150,5,-15,102,-328
2024-03-21,-29144,18783,10506,10969,-246,317,-164,-216,-154,-69
2024-03-22,-5310,6668,-1630,-263,-335,-799,-33,-19,-180,280
2024-03-25,3306,-433,-2908,-1415,-157,-1399,-24,-16,103,30
2024-03-26,-10861,6230,4822,7100,-88,-1256,-13,-91,-831,-169
2024-03-27,-3538,2929,1448,1725,-76,-782,14,-284,851,-830
2024-03-28,647,735,-2449,-1898,-205,-409,87,-17,-7,1059
2024-03-29,-4882,7823,-2866,-1174,-310,-552,-21,-31,-778,-82
2024-04-01,-3149,2707,247,1276,-244,-656,-52,-27,-48,219
2024-04-02,-6271,10065,-3484,-2531,-8,330,-54,-53,-1167,-310
2024-04-03,6777,5,-6746,-5955,-209,-1113,-22,-8,563,-65
2024-04-04,-5640,5864,-147,-338,-59,701,-12,-2,-436,-88
2024-04-05,6136,-1131,-4702,-3833,-11,-1495,21,13,604,-281
2024-04-08,-933,2061,-1125,-2049,98,313,1,-2,512,-5
2024-04-09,-183,3036,-3132,532,148,601,-4373,-4,-36,245
2024-04-11,311,10651,-10803,-13027,254,1038,-57,0,989,-137
2024-04-12,5909,146,-6284,-5563,-89,-889,-98,-35,389,209
2024-04-15,2443,-2381,-267,-314,-99,-351,-19,-8,525,211
2024-04-16,4943,-2703,-2364,-796,-109,-1695,13,-6,230,98
2024-04-17,3601,-1692,-2139,-1294,-156,-266,26,-56,-392,188
2024-04-18,-6048,5746,247,-819,1,761,71,44,188,59
2024-04-19,9245,-3489,-6672,-6304,29,-987,-8,-58,656,863
2024-04-22,-583,-7504,7836,6313,198,-71,-5,-74,1474,242
2024-04-23,2039,-253,865,423,-56,138,-13,8,364,-2657
2024-04-24,-8662,4924,3623,2223,-178,920,80,13,565,148
2024-04-25,8369,-2892,-5071,-4082,-167,-1217,-5,-37,437,-453
2024-04-26,-5615,4731,684,214,18,-259,14,11,686,227
2024-04-29,-6922,3452,3308,2537,-21,345,-19,-345,811,191
2024-04-30,-5298,2384,2836,1734,27,1052,-29,-65,117,50
2024-05-02,1454,27,-1418,-1455,-26,127,0,-42,-21,-100
2024-05-03,-1182,945,-65,570,-134,-586,-1,-40,126,348
2024-05-07,-18404,11155,7748,7927,-64,345,-13,-37,-410,-417
2024-05-08,-4044,4001,411,901,-146,146,-103,-269,-118,-363
2024-05-09,4140,-3587,-691,847,-98,389,8,-48,-1789,97
2024-05-10,-4887,1483,3555,3999,-113,-480,-145,-11,304,-150
2024-05-13,-176,201,170,737,-186,129,0,-32,-477,-169
2024-05-14,-1908,845,1226,1137,-92,476,-169,4,-128,-119
2024-05-16,-9648,4257,5938,6809,-294,314,-6,-199,-686,-549
2024-05-17,7194,-2415,-1496,-190,-138,-318,33,-27,-856,-3288
2024-05-20,-3720,-161,3967,4646,17,842,-13,-4,-1522,-78
2024-05-21,5002,-1066,-3272,296,-145,-1198,24,-20,-2230,-671
2024-05-22,-2647,2941,-330,1140,-180,-370,-96,3,-827,9
2024-05-23,-159,3618,-3711,-2655,145,20,1,-20,-1200,303
2024-05-24,12406,-3135,-9221,-7505,-61,-1868,22,-6,197,-105
2024-05-27,-1760,-1367,3259,3760,-92,-141,69,-19,-319,-89
2024-05-28,-1536,442,1196,-153,83,315,45,-7,914,-113
2024-05-29,12724,-10274,-2582,-2278,32,-537,27,-21,195,78
2024-05-30,11907,-7849,-4477,-3468,-94,-787,1,-16,-113,347
2024-05-31,2812,-13369,10654,10169,128,7,42,-49,357,-67
2024-06-03,-4230,1890,2339,2393,67,604,63,90,-879,63
2024-06-04,5167,-2113,-3160,-1456,-30,-1183,43,33,-568,31
2024-06-05,-3306,5916,-2596,-2781,-31,457,29,14,-285,1
2024-06-07,-4715,2861,1582,2503,-67,-14,26,-109,-758,260
2024-06-10,5566,170,-5670,-4690,-89,-366,-14,-90,-421,-75
2024-06-11,3436,-2240,-1184,-1613,-135,38,-24,-1,552,-18
2024-06-12,-2430,2342,99,755,-73,-160,-5,-19,-399,-28
2024-06-13,-14072,15449,-1055,-3653,294,998,-50,-101,1458,-260
2024-06-14,-2136,7315,-4672,-3871,-214,-797,-3,-49,262,-487
2024-06-16,-2136,7295,-4672,-3871,-214,-797,-3,-49,262,-487
2024-06-17,3131,-1374,-1398,699,-194,-872,-20,36,-1048,-359
2024-06-18,-3428,6511,-2240,49,-296,-942,-17,-167,-867,-843
2024-06-19,-7510,2736,5493,7374,-293,-1040,51,-190,-409,-719
2024-06-20,-5845,4941,1654,2382,-13,-545,-32,-19,-121,-749
2024-06-21,3791,-3403,-280,1310,-84,-628,-167,-155,-556,-108
2024-06-24,4673,-5289,457,694,-196,502,25,-162,-406,158
2024-06-25,-2973,590,2434,2458,197,463,39,-26,-698,-52
2024-06-26,-1557,4335,-3050,-1998,-3,-377,-104,8,-576,271
2024-06-27,2547,5156,-7711,-6676,-284,-74,-178,-9,-492,8
2024-06-28,-2847,295,2405,3071,-7,53,-32,-6,-674,147
2024-07-01,-76,-642,542,1260,-144,-734,-134,-24,318,176
2024-07-02,3932,-301,-3513,-1949,-106,-1381,-25,-30,-23,-117
2024-07-03,-2602,1007,1800,1242,61,159,2,21,316,-205
2024-07-04,-14167,3220,11106,10145,91,174,-43,7,731,-158
2024-07-05,-25147,13086,12560,12792,161,77,-241,-133,-97,-499
2024-07-08,-1875,5298,-3471,-2054,-388,-457,-96,-1,-475,48
2024-07-09,-2969,3270,-285,1345,-127,-778,-24,-47,-654,-16
2024-07-10,-2793,5275,138,1709,-259,-558,-37,3,-719,-2619
2024-07-11,-3476,6099,-849,-2186,56,2190,-17,-650,-241,-1774
2024-07-12,4729,-5511,842,2435,-377,-787,-59,-210,-160,-61
2024-07-15,-367,-774,1257,2071,-116,108,-50,-30,-726,-116
2024-07-16,-2903,1896,962,1923,-60,-123,-75,-185,-517,46
2024-07-17,1037,-2542,1420,3524,-107,208,-201,-34,-1970,86
2024-07-18,3689,-3491,130,3832,-157,-1990,-639,-62,-854,-328
2024-07-19,7848,-4229,-3639,-738,1,-1706,-94,-19,-1083,20
2024-07-22,1414,-845,-238,1520,-73,-703,-38,-7,-936,-332
2024-07-23,-1990,2502,-246,-1064,86,769,-137,-35,137,-266
2024-07-24,2345,-2654,410,62,165,382,-51,-21,-127,-101
2024-07-25,8267,-6785,-1529,-3,-7,-1247,-139,82,-216,48
2024-07-26,-3730,-475,3983,2857,91,1167,-204,21,51,222
2024-07-29,-4847,4444,768,-956,107,1426,49,-78,220,-365
2024-07-30,7269,-2407,-3539,-1774,-25,-657,-28,-51,-1004,-1323
2024-07-31,-1772,1503,483,624,60,260,23,56,-539,-214
2024-08-01,-3005,4412,-1738,-2140,19,215,-88,5,252,331
2024-08-02,16214,-8449,-7807,-3276,-186,-3103,-143,-5,-1095,42
2024-08-05,16945,-15198,-2693,-4195,179,-900,-53,-83,2358,946
2024-08-06,4534,-1677,-3256,-7673,227,1729,75,14,2372,399
2024-08-07,2934,-175,-3065,-4459,-152,1268,-25,-20,324,306
2024-08-08,7962,-5167,-2823,-4187,78,369,-47,112,852,28
2024-08-09,-376,17,347,-1156,38,1135,7,-18,340,12
2024-08-12,-1968,781,1469,899,113,396,19,2,40,-283
2024-08-13,-274,1318,-632,-285,-1,-267,-28,-28,-22,-412
2024-08-14,-3162,3901,-1143,-951,-11,146,2,-40,-290,405
2024-08-16,-14658,12055,2159,2332,-154,77,-40,-32,-24,445
2024-08-19,1387,-1176,-155,967,-261,-388,-6,-91,-377,-56
2024-08-20,-2792,2890,38,9,-83,-17,-5,-10,145,-136
2024-08-21,-138,314,-261,1636,-296,-862,-23,-74,-641,85
2024-08-22,-1129,661,423,792,-31,-424,15,-4,75,45
2024-08-23,-1037,-2418,3453,3366,-9,17,-38,-27,145,1
2024-08-26,986,-4648,3997,3434,48,335,-70,-67,317,-335
2024-08-27,-44,-4066,3701,3808,-41,187,-41,-29,-182,409
2024-08-28,548,-3396,2528,2425,81,331,-15,34,-328,320
2024-08-29,6192,-4178,-2657,-853,-280,-1186,-2,-56,-280,643
2024-08-30,-1152,-3807,4831,4216,58,-32,-1,-52,641,128
2024-09-02,1577,2392,-4151,-4106,76,-78,1,-63,19,182
2024-09-03,5134,-2871,-2471,-1828,40,-604,-24,-88,32,208
2024-09-04,16502,-9886,-7302,-5668,-185,-1543,-197,-16,308,686
2024-09-05,4652,-5899,1204,561,38,178,-91,-6,524,43
2024-09-06,1708,-2649,829,1266,-11,-373,-4,-57,9,112
2024-09-09,4694,-5402,450,-86,128,100,25,-74,357,257
2024-09-10,6851,-6654,-600,-1030,-57,146,-47,17,371,403
2024-09-11,8907,-10284,425,801,-153,-401,4,-19,193,952
2024-09-12,-2424,2785,255,-1669,537,1946,-75,-46,-438,-616
2024-09-13,4037,-9596,4365,2758,-58,1011,-26,-30,710,1194
2024-09-19,2641,-11713,8795,8878,-21,-36,-3,-131,107,278
2024-09-20,-2444,-327,2728,2343,-203,431,25,-8,140,42
2024-09-23,3713,-7019,3443,2808,-9,422,-15,-45,281,-137
2024-09-24,-2101,-3790,5721,5521,13,137,-3,-11,65,169
2024-09-25,348,-5718,5495,7073,-140,-942,20,-52,-463,-124
2024-09-26,-12634,4904,8024,6989,56,946,39,-48,41,-294
2024-09-27,1776,2654,-4312,-4220,41,-140,18,-33,21,-118
2024-09-30,11892,-10001,-2135,-1718,-66,-81,9,-45,-234,244
2024-10-02,9868,-3048,-7060,-6226,-38,-562,-13,-9,-212,239
2024-10-04,672,428,-2168,-1695,50,156,-22,-5,-652,1068
2024-10-07,-1462,290,856,-638,112,495,-15,33,869,316
2024-10-08,6978,-3766,-3498,-3243,-41,-203,-16,-42,47,286
2024-10-10,1477,1607,-2955,-4394,110,179,-14,-20,1184,-128
2024-10-11,2849,-5963,2775,1751,321,11,-25,5,712,339
2024-10-14,-4562,904,3282,2476,9,-38,-30,-32,897,376
2024-10-15,-3436,2878,117,-847,28,262,-17,-21,711,441
2024-10-16,6535,-6574,-400,-1465,-124,-464,26,-7,1634,440
2024-10-17,1615,-4044,2007,1595,41,214,18,-43,182,423
2024-10-18,3590,-4778,950,1406,-93,-849,-8,138,357,237
2024-10-21,-2684,187,2683,1975,-115,712,-11,432,-310,-186
2024-10-22,5672,-2808,-3073,-2777,-75,-263,-95,-24,160,209
2024-10-23,-5141,2116,2990,2048,-121,340,4,1,719,35
2024-10-24,6254,-6042,-534,-143,-171,92,-50,-59,-203,322
2024-10-25,2973,-3872,769,907,-224,105,37,29,-85,130
2024-10-28,-3356,-1391,4663,3495,119,170,35,15,829,85
2024-10-29,1099,-1191,178,326,-74,-343,7,8,253,-86
2024-10-30,2711,-3358,419,468,-133,-452,8,446,80,228
2024-10-31,5571,-8583,3315,2585,83,-291,-55,495,499,-304
2024-11-01,2127,-376,-1881,-2373,182,-123,14,272,148,130
2024-11-04,-3838,284,3417,1839,199,199,-27,183,1024,137
2024-11-05,3883,-1435,-2857,-2020,-197,-519,-55,223,-289,409
2024-11-06,17,-1027,520,-438,-118,65,76,171,763,490
2024-11-07,-2376,1076,1098,-554,-57,-189,28,81,1789,203
2024-11-08,-1118,-131,1175,1938,-106,-692,-37,137,-64,74
2024-11-11,6764,-4821,-2380,-2207,-98,-400,-393,0,719,436
2024-11-12,3309,-3097,-318,-264,-75,-1324,-313,9,1648,105
2024-11-13,6512,-6281,-642,699,-3,-873,-563,-159,258,412
2024-11-14,-1142,-2321,2823,-320,345,1225,-287,84,1776,640
2024-11-15,379,-613,-302,-964,90,-144,-298,-24,1038,537
2024-11-18,53,-503,-171,-730,28,225,-10,-122,438,621
2024-11-19,-1691,-3303,4581,1205,137,103,-114,56,3195,414
2024-11-20,-910,-1837,1737,-322,69,142,-4,41,1810,1010
2024-11-21,-1253,-2600,2968,-3,-80,-19,-8,71,3007,884
2024-11-22,-5332,1162,3226,1715,58,550,44,34,826,944
2024-11-25,-4515,-768,4531,4357,211,-483,-175,76,545,751
2024-11-26,1862,-676,-2374,-2330,-34,-746,-21,37,719,1188
2024-11-27,-330,-3344,3004,1430,-153,-331,-23,69,2012,670
2024-11-28,798,-4914,3105,2809,-44,-415,14,-116,857,1011
2024-11-29,5882,-7483,509,994,-44,-655,-41,154,102,1092
2024-12-02,-3200,-1301,3892,4270,-171,-351,-39,264,-81,610
2024-12-03,-8338,5645,2796,2440,13,253,16,77,-3,-103
2024-12-04,3398,-4080,162,243,-202,-923,-103,28,1120,519
2024-12-05,1637,-3164,562,-46,-115,-776,-71,-3,1575,966
2024-12-06,-5816,-2843,8256,4705,18,-46,-94,227,3445,403
2024-12-09,-8909,1049,6916,4901,-88,-283,-53,155,2283,944
2024-12-10,-4210,-1067,4596,3645,2,415,-21,351,203,681
2024-12-11,-1227,-1413,1765,1709,11,75,14,223,-268,875
2024-12-12,-2520,-227,1563,-5315,927,1606,62,406,3878,1183
2024-12-13,-821,-1746,1398,-1471,168,-277,64,304,2608,1169
2024-12-16,3668,-4321,1,-602,-216,-774,46,125,1423,652
2024-12-17,4647,-7012,1566,479,6,-354,-107,127,1415,799
2024-12-18,-4684,3922,1339,853,35,-319,-359,126,1003,-577
2024-12-19,8024,-4288,-5099,-5591,-41,-631,-224,22,1366,1363
2024-12-20,7890,-8181,-883,-1949,-127,-489,-209,20,1870,1174
2024-12-23,-6836,1449,4352,3919,-82,-361,-18,124,770,1036
2024-12-24,-1069,-66,239,1493,186,-1325,-35,168,-247,896
2024-12-26,-3242,199,1858,2063,54,-375,-12,195,-68,1186
2024-12-27,2256,-1716,-1159,-1671,-182,123,-225,-27,823,619
2024-12-30,-306,-1205,557,309,42,200,-218,38,186,954
2025-01-02,4143,-2388,-2589,-2676,-21,6,8,3,92,834
2025-01-03,-6985,2801,3204,2720,-2,40,-1,37,410,979
2025-01-06,-5370,3662,654,-307,42,509,-9,19,400,1054
2025-01-07,-2049,1587,-423,-1495,-108,175,33,4,969,885
2025-01-08,-3855,2209,1096,-1097,48,712,30,18,1385,550
2025-01-09,-3270,7482,-5056,-5320,247,-310,92,-18,253,844
2025-01-10,3381,-16,-3976,-4848,-259,-1526,16,-2,2643,610
2025-01-13,7486,-8717,260,-993,-82,-1286,52,-25,2593,972
2025-01-14,2992,-2946,-580,-536,-200,-424,25,-16,570,534
2025-01-15,1231,561,-2590,-2097,-1,-936,36,21,386,798
2025-01-16,-5757,6244,190,221,-37,-772,49,-28,757,-677
2025-01-17,2864,-2331,-1007,-1193,-188,-950,42,-32,1314,473
2025-01-20,2767,-4162,664,404,-81,-434,42,-3,736,731
2025-01-21,534,-1731,620,551,96,-625,50,-39,589,577
2025-01-22,-8232,3500,4208,2949,-193,426,101,45,881,524
2025-01-23,7596,-6174,-2032,-2447,-52,-1062,37,-12,1504,610
2025-01-24,-3830,2751,436,-157,53,-235,52,73,651,642
2025-01-31,9620,-11679,2859,2977,-116,-257,70,-169,355,-801
2025-02-03,11220,-8689,-3704,-4506,43,-1443,77,28,2097,1173
2025-02-04,-2932,799,1231,116,-22,-336,18,67,1387,902
2025-02-05,-1929,645,312,276,-42,-783,3,-50,908,972
2025-02-06,-6060,3516,1612,1404,-192,-263,81,112,471,932
2025-02-07,3302,-2389,-2099,-1796,-103,-1663,50,190,1224,1186
2025-02-10,-700,-2786,2626,1827,-802,-510,51,212,1848,860
2025-02-11,-4694,1402,2437,1904,-210,-79,51,184,587,856
2025-02-12,-1982,3729,-2217,526,-2774,-255,4,179,102,470
2025-02-13,-6096,-1138,6730,3713,598,1535,75,126,683,505
2025-02-14,-652,-3218,3661,2718,-223,-767,23,150,1760,209
2025-02-17,-336,-2228,2431,2635,-129,-1072,10,160,828,133
2025-02-18,-1884,185,1648,1002,-170,-583,-16,206,1210,50
2025-02-19,-12186,3927,7767,6598,-345,590,30,217,677,491
2025-02-20,2907,-2904,-1079,-90,-341,-1511,-28,82,808,1076
2025-02-21,28,-2181,1181,610,-51,-226,39,66,743,972
2025-02-24,1929,-2040,-925,-919,-37,-218,-11,81,178,1036
2025-02-25,3121,-3190,-944,-921,114,-390,21,93,138,1013
2025-02-26,-201,-3228,2404,1742,-8,63,-57,89,574,1025
2025-02-27,4810,-1754,-3389,-3431,3,-522,27,75,459,333
2025-02-28,20324,-15524,-6167,-5185,167,-1315,55,52,59,1367
2025-03-04,2044,-1896,-1473,-2633,175,306,93,71,515,1326
2025-03-05,911,-2233,479,-2101,254,1483,34,100,709,844
2025-03-06,-3693,1382,1561,695,64,681,30,97,-6,750
2025-03-07,-1941,596,279,-1359,159,883,44,89,463,1067
2025-03-10,2097,-4242,1428,746,-71,209,-8,89,461,718
2025-03-11,4929,-15373,-2381,-1741,120,-565,6,68,-269,12824
2025-03-12,-5050,3790,319,388,-22,125,48,85,-306,941
2025-03-13,-737,-4804,4448,2938,471,1368,27,109,-466,1094
2025-03-14,2079,-2894,-205,501,-390,-893,-3,20,561,1020
2025-03-17,-11804,6152,4947,5013,-158,-273,10,67,289,704
2025-03-18,-6126,4408,950,1340,-46,-690,-27,32,342,768
2025-03-19,-6744,3026,2873,2706,106,-212,-20,63,230,844
2025-03-20,-7013,5487,664,1242,-76,-646,12,162,-30,862
2025-03-21,-5379,8478,-4020,-3423,-169,-857,53,242,134,920
2025-03-24,-781,77,-288,78,-123,-526,-35,268,50,992
2025-03-25,-642,-787,691,1296,-66,-530,-23,209,-196,738
2025-03-26,-6798,3504,2603,2402,-12,-109,-124,289,156,691
2025-03-27,1196,877,-3152,-1175,-65,-1662,-222,227,-255,1079
2025-03-28,5408,-6403,31,217,-57,-498,-34,3,401,964
2025-03-31,7891,-15754,6673,5560,145,-49,-21,431,607,1190
2025-04-01,866,-3901,1806,-74,180,785,8,133,774,1229
2025-04-02,4791,-7242,1480,-221,-27,-13,-30,35,1735,970
2025-04-03,8014,-13752,4610,689,175,1118,-115,21,2722,1129
2025-04-04,10770,-17869,6211,3502,-41,670,-8,20,2067,888
2025-04-07,16721,-20957,2571,-957,-349,-504,-67,141,4307,1665
2025-04-08,6029,-6425,-898,-3674,57,1573,-33,48,1132,1294
2025-04-09,9389,-10007,-698,401,-112,-1571,-77,82,579,1316
2025-04-10,-10693,3287,6682,1792,350,3906,56,39,540,723
2025-04-11,4339,-6888,1378,-1355,160,679,25,120,1749,1170
2025-04-14,1939,-2420,-67,-641,14,-577,14,4,1119,547
2025-04-15,-1468,-1177,1831,645,111,65,45,20,945,813
2025-04-16,3835,-4577,-153,-477,-110,-464,36,-7,868,896
2025-04-17,-1102,-3519,3689,2751,303,12,48,13,562,933
2025-04-18,-223,-1052,816,-128,90,7,33,29,784,459
2025-04-21,1864,-2886,234,-174,71,-236,-8,17,563,789
2025-04-22,1667,-2430,107,-365,-33,-375,-52,-12,943,656
2025-04-23,-5485,-1977,6866,5466,160,567,39,-3,637,596
2025-04-24,1351,-77,-1987,-1683,63,-226,-1,20,-160,713
2025-04-25,-7741,6126,5072,4405,-107,-154,62,23,844,-3457
2025-04-28,-496,-854,916,1388,-144,-697,-38,101,306,435
2025-04-29,-1591,6925,-5804,3910,-25,186,-10702,252,574,470
2025-04-30,3055,-1688,-2210,-1273,-172,-674,-91,89,-90,843
2025-05-02,-2349,-1702,3228,2006,51,659,-20,80,452,823
2025-05-07,-4646,3487,869,1266,-18,-382,-22,109,-82,289
2025-05-08,-13,1303,-1898,-2366,54,392,2,102,-82,607
2025-05-09,632,675,-1873,-2181,-92,-564,-20,73,912,566
2025-05-12,-3907,-71,3429,3102,104,-87,-33,82,261,549
2025-05-13,-1360,1714,-893,-419,-274,300,25,75,-600,538
2025-05-14,-10024,4704,5348,4401,40,713,-9,61,141,-27
2025-05-15,460,2723,-3681,-1655,-131,-1976,12,23,47,497
2025-05-16,-2823,1694,1134,1488,-121,-430,-29,69,156,-5
2025-05-19,2986,-1134,-1948,-917,-86,-814,-41,153,-243,95
2025-05-20,206,-1145,610,1388,-80,-546,2,54,-207,329
2025-05-21,-3315,1920,1046,840,89,122,-50,96,-52,350
2025-05-22,6848,-2237,-4319,-2625,-198,-1203,-2,-375,83,-292
2025-05-23,1347,-585,-1026,-1135,-14,158,8,64,-107,264
2025-05-26,-5158,1015,4323,3726,51,15,-22,77,475,-180
2025-05-27,537,-782,-201,130,-137,-46,-62,121,-206,446
2025-05-28,-9907,2999,7438,7566,-108,-251,-55,-163,448,-529
2025-05-29,-9963,2897,6842,5621,-70,471,54,86,680,224
2025-05-30,6051,-6070,-160,1575,-707,-1233,-45,106,144,179
2025-06-02,982,1250,-2415,-1908,-150,-421,53,100,-90,183
2025-06-04,-12260,10507,2046,1224,-306,986,47,67,29,-294
2025-06-05,-11892,9801,2207,3370,-1055,-549,-17,-158,616,-115
2025-06-09,-2301,9767,-7332,-4537,-767,-1023,33,76,-1114,-134
2025-06-10,-6269,6323,142,1825,-820,-765,-46,40,-90,-196
2025-06-11,-3663,1661,2304,3843,-117,-1166,-162,182,-276,-302
2025-06-12,-1794,4073,-2304,-4216,-340,1015,-13,10,1240,25
2025-06-13,4674,1210,-6461,-3409,-413,-2544,-41,-346,293,577
2025-06-16,463,-3224,2524,3466,-191,-384,33,-116,-284,237
2025-06-17,2245,-953,-1006,2278,-595,-1309,-119,-151,-1110,-286
2025-06-18,-4318,2870,1101,1741,-206,195,-63,-90,-475,347
2025-06-19,3500,-826,-3018,-920,-573,-109,-50,-10,-1356,344
2025-06-20,-5966,5626,372,908,-581,-91,63,-41,113,-32
2025-06-23,13797,-3668,-9485,-8569,-160,-426,3,-165,-168,-645
2025-06-24,-5676,4383,2594,4792,-1486,386,23,-138,-984,-1301
2025-06-25,7580,-1108,-5883,-2128,-190,-2999,2,-48,-520,-589
2025-06-26,8325,-5794,-4080,-1552,23,-2122,-23,60,-467,1549
2025-06-27,4868,-8580,3434,2666,122,775,-23,21,-128,278
2025-06-30,1892,-6489,4757,5221,-47,-9,8,-114,-301,-160
2025-07-01,-6405,1760,4745,5206,-73,540,11,-250,-688,-100
2025-07-02,2329,-3278,720,3103,-46,-2387,-8,77,-19,229
2025-07-03,-12330,6427,5484,3264,14,2260,-13,27,-67,419
2025-07-04,2575,1624,-3822,-1597,-270,-1704,-70,612,-795,-376
2025-07-07,1558,-937,-811,-939,179,557,-14,-1,-593,189
2025-07-08,-2549,2461,-326,51,-79,370,51,-693,-26,414
2025-07-09,4310,-4105,-571,-1397,16,760,65,-45,31,366
2025-07-10,-5869,4694,447,-1318,-246,1612,46,-96,450,728
2025-07-11,1250,3259,-743,624,-441,-894,61,-139,46,-3766
2025-07-14,-3568,3707,-947,410,-295,-764,-61,-31,-205,808
2025-07-15,-3102,2123,-167,-464,-107,309,2,-197,289,1146
2025-07-16,4016,555,-5525,-1782,-84,-2956,11,34,-748,954
2025-07-17,-3356,493,1583,2454,118,-844,-5,-5,-136,1279
2025-07-18,-3411,1878,320,2138,49,-961,-58,95,-942,1212
2025-07-21,-10578,8935,994,669,-140,551,-7,15,-93,649
2025-07-22,4780,-1288,-4127,140,-130,-3328,-82,33,-760,635
2025-07-23,-6982,4228,1917,3795,250,-1106,-39,50,-1034,836
2025-07-24,-9513,7386,1273,609,-54,1147,-94,-178,-157,853
2025-07-25,-4616,2706,1100,40,217,465,-32,-54,464,810
2025-07-28,-9975,4753,4520,5223,-74,27,44,-32,-668,702
2025-07-29,-8259,6054,1167,1362,89,-268,52,52,-119,1038
2025-07-30,-9844,5783,3307,3196,-302,604,15,-49,-157,754
2025-07-31,2235,3450,-7053,-3677,-158,-1834,74,-31,-1427,1368
2025-08-01,16283,-6524,-10720,-4616,-19,-5364,-405,-120,-196,961
2025-08-04,-2996,830,1316,1178,-218,538,-326,41,104,850
2025-08-05,-4785,2919,947,-446,108,1032,37,27,189,919
2025-08-06,474,2804,-4020,483,-66,-4113,12,-298,-39,743
2025-08-07,-2048,-171,1092,1164,5,-377,5,-115,410,1127
2025-08-08,1835,-1576,-1318,1959,-180,-2184,-30,-82,-802,1059
2025-08-11,-1407,2169,-2160,417,-378,-1271,-6,-16,-907,1399
2025-08-12,634,-604,-981,35,-216,-1088,3,71,214,950
2025-08-13,-6648,6349,-809,465,-76,-1024,-46,42,-171,1108
2025-08-14,-534,-779,197,1518,-18,-549,-31,64,-788,1116
2025-08-18,3570,-4881,813,1391,-224,-748,25,21,348,499
2025-08-19,904,-4544,2539,3128,-160,-185,-34,11,-222,1101
2025-08-20,-3929,-2185,5024,6199,24,-471,-34,27,-720,1090
2025-08-21,-2591,-152,1598,-644,151,1782,-16,73,252,1145
2025-08-22,-4572,1826,1556,336,-76,1288,3,-105,110,1190
2025-08-25,-3857,1224,1543,675,-159,756,-13,5,280,1089
2025-08-26,8519,-6836,-2657,-2004,-84,-357,-71,20,-161,974
2025-08-27,569,-2023,277,-872,18,907,34,19,171,1177
2025-08-28,-3939,-241,3264,1372,-52,1253,-74,17,748,916
2025-08-29,2353,-3724,648,1563,-131,-449,-59,-6,-270,723
2025-09-01,3469,-2720,-1940,-264,-174,-1648,11,-12,146,1191
2025-09-02,-3474,4010,-1416,-1480,-106,37,-47,5,174,880
2025-09-03,-1563,4359,-3756,-2616,-86,-445,-6,46,-649,960
2025-09-04,-2847,2025,-232,45,-329,161,59,44,-212,1055
2025-09-05,-552,-1374,1124,1646,-217,-224,37,20,-138,802
2025-09-08,-3848,2301,778,1129,-77,-187,4,39,-130,769
2025-09-09,-10371,6808,2806,2064,-372,889,-82,36,270,756
2025-09-10,-22634,13817,9046,9077,-790,556,-135,-35,373,-230
2025-09-11,-11493,3000,8225,10761,-390,-549,-61,-48,-1489,267
2025-09-12,-20287,14355,6119,7117,-855,-1667,-314,-25,1863,-186
2025-09-15,-1374,2667,-1376,603,-1288,72,-175,-23,-567,83
2025-09-16,-17637,17927,1083,2293,-351,-913,-26,-58,138,-1373
2025-09-17,2522,-347,-3075,-1815,-514,-1200,-42,61,435,901
2025-09-18,-7816,2851,4294,3129,-101,783,5,10,467,671
2025-09-19,5332,-3080,-3357,-895,-357,-1458,-17,-31,-600,1105
2025-09-22,-7682,5653,2672,4196,-1064,-301,-59,36,-137,-642
2025-09-23,-2462,3414,-1363,-337,-278,-347,-132,25,-295,412
2025-09-24,17,-2486,2124,3872,-270,-421,-125,26,-958,345
2025-09-25,-5411,2196,2707,2121,-414,1946,-38,54,-962,508
2025-09-26,10997,-5707,-4892,-2724,-89,-1288,-125,22,-687,-398
2025-09-29,-7480,4472,3014,1129,-219,1998,-29,8,126,-6
2025-09-30,-265,230,-497,-2092,145,1492,1,-26,-17,531
2025-10-01,-10812,8455,2208,1495,-170,1244,-21,9,-349,150
2025-10-02,-30715,31265,-675,-66,-1161,95,-85,92,450,125
2025-10-10,-5022,10592,-5936,-4920,-1534,-448,110,22,834,367
2025-10-13,11649,-8220,-4471,-3806,-561,-379,49,-26,252,1042
2025-10-14,20,5581,-6299,-4217,-523,-1179,-22,-8,-351,698
2025-10-15,-9706,1631,7512,5158,-188,1840,-108,-11,822,563
2025-10-16,-13936,6533,7813,6761,-954,1254,-173,-56,982,-410
2025-10-17,-3122,4438,-1688,-238,-775,-468,0,-128,-80,373
2025-10-20,-4109,-2500,6428,8704,-505,-1458,-297,-48,32,181
2025-10-21,-1556,-124,2116,4970,-1301,-1630,-181,-238,496,-436
2025-10-22,-769,-7033,7633,5399,-84,2090,-111,21,317,170
2025-10-23,7505,-4071,-3972,-1800,-335,-594,-192,-44,-1007,538
2025-10-24,-20005,5756,14054,10826,-396,3040,-20,-125,730,195
2025-10-27,-7969,6471,2343,6913,-1568,-1896,-248,29,-886,-845
2025-10-28,15728,-16379,925,3112,-407,-1064,-54,4,-666,-274
2025-10-29,-3583,-1066,5196,10679,-836,-1458,-32,-35,-3123,-547
2025-10-30,9363,-1173,-8379,-1930,-1224,-3379,-82,-30,-1734,189
2025-10-31,-2018,13212,-11064,11660,-649,-478,-20012,-18,-1567,-131
2025-11-03,6256,-7949,1841,4277,-1104,-701,-243,-57,-332,-147
2025-11-04,27009,-22282,-4989,-514,-420,-2683,-119,-57,-1195,262
2025-11-05,25538,-20695,-1877,874,-176,-2115,-9,-1033,583,-2966
2025-11-06,8840,-16950,8301,5879,-20,2840,45,-75,-368,-191
2025-11-07,6791,-4550,-2446,1640,-214,-3228,-58,102,-688,206
2025-11-10,-11607,-1510,13066,9223,-69,3157,65,42,648,52
2025-11-11,-2831,770,2247,3670,-547,133,-99,-12,-899,-187
2025-11-12,-4423,-4265,9093,8687,132,677,15,35,-452,-405
2025-11-13,-2343,9989,-7179,-7435,9,-62,-20,55,275,-468
2025-11-14,32346,-23575,-9005,-6552,59,-2452,-55,61,-67,234
2025-11-17,-5000,5189,-245,60,-76,338,22,-121,-467,56
2025-11-18,12382,-5500,-6788,-4287,31,-1946,-63,70,-594,-94
2025-11-19,4450,-10495,6256,4611,-90,1611,1,64,59,-211
2025-11-20,-13817,7406,7566,7476,-34,294,54,90,-314,-1155
2025-11-21,22695,-28229,4935,4115,159,-168,-3,-19,851,599
2025-11-24,-4619,-7993,12719,11095,-137,1913,0,75,-228,-107
2025-11-25,-276,49,315,197,102,559,-17,87,-611,-89
2025-11-26,-18048,5158,12280,10376,-34,1625,-121,72,362,611
2025-11-27,-6152,1546,4326,3261,-75,1107,-34,72,-6,281
2025-11-28,15685,-20369,4587,8392,-384,-2106,-7,60,-1367,97
2025-12-01,528,2235,-2333,-689,-99,-498,-102,18,-962,-431
2025-12-02,-15763,12147,3929,2475,-22,925,-168,11,708,-313
2025-12-03,-8984,2816,7364,4873,144,1948,-7,-220,627,-1196
2025-12-04,5585,-6960,1318,1071,-42,-170,-81,18,522,56
2025-12-05,-21156,9934,11528,8490,61,2818,53,48,58,-305
2025-12-08,-3449,3211,-308,-1408,-210,1483,-43,24,-153,546
2025-12-09,-133,-889,494,-983,-149,714,3,-87,996,528
2025-12-10,-889,3739,-3003,-1023,-601,-1502,-35,1,157,153
2025-12-11,3922,3656,-7753,-6882,-233,-359,34,-140,-174,174
2025-12-12,-14625,414,14184,14387,-118,-998,15,6,892,27
2025-12-15,14210,-9569,-4803,-3920,-83,-1950,-11,-5,1166,161
2025-12-16,12410,-10305,-2309,1481,-606,-3258,-67,3,137,204
2025-12-17,-3374,-322,3353,3794,50,-231,29,-4,-287,343
2025-12-18,4130,-3459,-1006,1563,-233,-1473,-5,-11,-846,336
2025-12-19,-1413,-7573,8541,9642,-468,84,-4,-300,-412,444
2025-12-22,-26714,11017,16055,16221,-231,-131,7,-41,228,-357
2025-12-23,-12853,9551,3527,5333,-299,-1127,-20,14,-374,-225
2025-12-24,-7171,5225,2039,2523,-82,-725,5,-9,327,-93
2025-12-26,-23265,17790,4435,5293,-243,535,-14,-161,-975,1039
2025-12-29,661,3337,-3133,-3636,-557,704,-7,-16,379,-865
2025-12-30,8448,-4768,-3763,-2290,-76,-330,23,-7,-1084,83
2026-01-02,-4252,6309,-2477,-1138,-615,-517,73,-84,-196,419
2026-01-05,-15141,21726,-7046,-508,-1525,-3486,85,-47,-1564,461
2026-01-06,5963,-6184,-664,1697,-243,-1406,66,-54,-724,886
2026-01-07,-2944,12548,-9397,-3594,-1453,-3499,64,32,-947,-207
2026-01-08,12540,-979,-14014,-8547,-463,-3525,12,19,-1510,2453
2026-01-09,1339,-16068,12046,11654,-505,239,127,3,527,2683
2026-01-12,-1013,-3512,2101,5682,-1337,-1706,45,-82,-501,2425
2026-01-13,-7125,-2793,7881,7769,-821,796,104,12,22,2037
2026-01-14,-4377,-3760,5887,6045,-396,25,-2,66,149,2250
2026-01-15,-18235,3450,12905,14577,-281,-965,-59,-55,-312,1880
2026-01-16,-9383,4350,3083,5114,-789,-282,-10,-49,-901,1949
2026-01-19,-7513,5532,-256,2054,-490,-669,32,5,-1188,2237
2026-01-20,3524,1232,-6500,-2089,-367,-2235,34,-114,-1729,1744
2026-01-21,-9965,4394,3217,2946,-230,1068,-59,55,-564,2355
2026-01-22,1555,-2432,-1568,3161,-1922,-790,16,16,-2049,2445
2026-01-23,-7239,1438,4790,9290,-189,-1492,-69,-30,-2719,1012
2026-01-26,17157,-1588,-15414,-9528,-340,-3569,-75,-172,-1730,-154
2026-01-27,-10197,8448,2474,5695,-706,-2047,87,17,-572,-725
2026-01-28,12131,4008,-14021,-5710,-1414,-3815,80,-2261,-900,-2118
2026-01-29,16173,-14897,-1673,1569,-714,-1166,13,-178,-1197,397
2026-01-30,22979,-19729,-4241,-309,-1418,-2185,140,-162,-307,991
2026-02-02,45874,-25168,-22126,-21755,522,-709,-6,222,-399,1419
2026-02-03,-29423,7038,21708,14513,-139,5880,21,474,958,677
2026-02-04,-10119,-9413,17836,14945,-234,2572,177,86,290,1695
2026-02-05,67791,-50108,-20693,-18829,332,-1419,209,-2,-985,3010
2026-02-06,21736,-33233,9414,5782,239,1899,212,-42,1323,2083
2026-02-09,-32947,4320,27123,24244,-428,4265,-95,0,-863,1503
2026-02-10,-8780,1474,5643,7442,-249,-618,-50,95,-977,1663
2026-02-11,-17149,8461,6927,5223,-332,2188,-2,112,-263,1761
2026-02-12,-44547,29954,13800,10816,-815,2718,201,158,722,793
2026-02-13,7141,-9220,831,1810,-688,-897,-25,69,563,1248
2026-02-19,-8609,-9396,16542,16691,-1452,1100,-27,77,154,1463
2026-02-20,-9873,-7420,16150,19351,-739,-972,3,-72,-1422,1143
2026-02-23,10815,-11132,-1271,5330,-1600,-2279,-21,-16,-2685,1588
2026-02-24,-22861,-2013,23773,26669,-466,-1683,15,-44,-718,1102
2026-02-25,2307,-13082,14701,19937,-1314,-4730,-6,65,750,-3926
2026-02-26,6498,-21135,12569,16371,-2084,-756,-100,119,-981,2068
2026-02-27,62496,-70528,5666,11043,-654,-2544,-5,109,-2283,2366
2026-03-03,57974,-51487,-8859,-7283,425,-1904,-305,-204,412,2372
2026-03-04,796,2303,-5978,-5830,600,209,-223,-7,-727,2880
2026-03-05,18228,-1446,-17186,-12234,-652,-2520,-720,-189,-872,403
2026-03-06,29488,-19418,-11142,-5975,-273,-3625,47,432,-1748,1072
2026-03-09,46242,-31735,-15441,-11713,111,-2954,-174,310,-1020,934
2026-03-10,-18340,10283,9164,7448,-447,1956,26,275,-93,-1107
2026-03-11,-5086,-2563,7821,7254,-269,1425,94,211,-893,-173
2026-03-12,22291,-23831,775,-746,125,1812,12,-53,-374,764
2026-03-13,24512,-14502,-10434,-9500,13,-1482,32,218,285,424
2026-03-16,7164,-8485,911,-1040,135,1164,-13,253,412,411
2026-03-17,-5752,-1740,7341,4274,-472,2543,-14,167,843,152
2026-03-18,-38717,8802,31093,30984,-452,-612,67,146,960,-1178
2026-03-19,24116,-18760,-6649,-6655,30,417,38,170,-649,1294
2026-03-20,22338,-12402,-10260,4566,-14326,-1182,-8,84,606,323
2026-03-23,70029,-36751,-38173,-30239,159,-6649,64,108,-1617,4895
2026-03-24,7270,-19863,9683,10178,-320,-734,-12,136,435,2910
2026-03-25,-13402,-12895,23230,23351,-312,-92,2,133,147,3067
2026-03-26,30598,-29370,-2999,3185,76,-3811,-122,96,-2423,1771
2026-03-27,22596,-34286,7785,4181,436,3236,-10,170,-228,3905
2026-03-30,8945,-20945,8450,7440,93,1674,-80,133,-812,3550
2026-03-31,24400,-38386,10251,9477,453,528,-40,123,-291,3735
2026-04-01,-37628,-6411,40419,34308,-136,6145,12,281,-192,3620
2026-04-02,12097,-1368,-14517,-16900,279,1630,75,310,91,3788
2026-04-03,-20952,8035,7390,2839,92,4960,28,28,-557,5527
2026-04-06,-10502,-1596,8371,7597,99,1373,-135,288,-850,3726
2026-04-07,-3429,3704,-4001,-3918,127,310,33,265,-818,3726
2026-04-08,-54161,19089,27268,29960,-648,-148,60,126,-2083,7805
2026-04-09,2950,18476,-25125,5040,334,368,-31117,201,49,3698
2026-04-10,-12280,10641,-2031,868,-215,-2196,-218,145,-416,3670
2026-04-13,7173,-4579,-6698,-4814,-295,-194,208,130,-1733,4104
2026-04-14,-23919,8276,12545,13513,-652,103,-129,-35,-256,3098
2026-04-15,-9400,4973,368,8214,-1459,-5294,9,14,-1116,4059
2026-04-16,-18050,4814,10783,12460,-447,-772,-7,-153,-299,2453
2026-04-17,14464,-19974,1501,4343,-622,-1253,-85,-125,-757,4009
2026-04-20,-3158,-2338,2938,5183,-610,-1676,33,-72,80,2558
2026-04-21,-19204,11565,9181,9753,-1056,117,-206,-50,622,-1541
2026-04-22,11984,-6762,-4046,-4102,-270,-720,55,-5,995,-1176
2026-04-23,4514,-820,-2965,177,-1027,-2299,-14,1,197,-728
2026-04-24,11832,-19496,8053,10383,-409,-1332,-390,3,-202,-389
2026-04-27,-19758,8563,11349,15492,-915,-1395,-145,82,-1771,-155
2026-04-28,-1306,-1843,3532,6839,-1227,-1564,-267,29,-277,-383
2026-04-29,1681,-6071,4771,1646,129,3058,-26,-15,-21,-381
2026-04-30,11824,-14559,2838,5089,-473,-2219,-32,123,350,-103
2026-05-04,-47936,29308,20098,19159,-1221,2657,-79,89,-507,-1470
2026-05-06,-5715,31085,-22894,-8284,-5084,-7843,-118,24,-1590,-2476
2026-05-07,59925,-66987,8917,17617,-806,-8154,-246,11,494,-1855
2026-05-08,39707,-52967,12542,15166,-826,-1357,-6,67,-502,718
2026-05-11,28669,-28147,-458,10028,-3964,-4006,20,412,-2948,-63
2026-05-12,66818,-56090,-12138,-6205,-1420,-2476,-110,-70,-1857,1409
2026-05-13,18868,-37227,16876,18852,-630,1250,67,-300,-2363,1482
2026-05-14,18499,-21450,1927,12618,-1750,-6788,-121,-98,-1933,1024
2026-05-15,72308,-56039,-17347,-9325,-278,-6808,-26,39,-949,1079
2026-05-18,22094,-36492,13904,14000,-121,158,-251,102,16,494
2026-05-19,56289,-57242,1575,3215,-7,-376,-43,172,-1386,-622
2026-05-20,17104,-29310,11070,9774,68,2553,40,150,-1515,1135
2026-05-21,-26754,-2212,29008,26231,-600,4452,49,-165,-959,-43
2026-05-22,10655,-19221,7583,7815,-635,1435,6,123,-1161,984
2026-05-26,-5745,-1321,8168,1708,-1958,9984,-308,-97,-1162,-1102
2026-05-27,4064,-2493,-126,11199,-3055,-3987,-204,-149,-3930,-1446
2026-05-28,36146,-27414,-10422,-3532,-212,-6343,-79,19,-275,1690
2026-05-29,-14054,-10421,23688,19139,-409,4102,-7,-46,909,787
2026-06-01,3862,-28219,24427,26892,-2597,612,-113,-61,-305,-70
2026-06-02,63537,-63035,-546,3408,-696,-3986,-21,42,707,44
2026-06-04,50135,-66663,15255,14443,-451,1645,-26,136,-492,1273
2026-06-05,42240,-27638,-13809,-9410,-64,-3689,-124,86,-607,-793
2026-06-08,17628,-2644,-17164,-14373,156,-3359,-210,137,485,2181
2026-06-09,-6167,-20064,25048,18795,-883,7161,178,30,-233,1183
2026-06-10,48643,-27754,-22665,-14247,520,-6362,47,19,-2642,1776
2026-06-11,20803,-14640,-7561,-14328,1039,6907,-17,-38,-1125,1399
2026-06-12,-43174,22041,22870,16534,-580,10141,114,-91,-3248,-1736
2026-06-15,-15124,10774,4462,7120,-575,-2519,14,172,250,-112
2026-06-16,-21841,15353,7076,2129,-335,5928,47,-355,-338,-588
2026-06-17,5254,-9952,5957,5194,-647,3099,-87,73,-1676,-1259
2026-06-18,-4156,12776,-7682,1577,-1530,-3851,80,-37,-3921,-938
2026-06-19,16478,-3555,-12244,-1994,-2537,-2489,42,1,-5267,-679
2026-06-22,21506,-25466,3034,4859,-860,1038,-19,-150,-1834,926
2026-06-23,85910,-42047,-44760,-20908,-1018,-19662,-165,-69,-2937,898
2026-06-24,26312,-46546,19095,17479,-103,1524,27,37,131,1138
2026-06-25,-24136,-8754,33244,24024,-1082,10293,62,-29,-25,-354
2026-06-26,81919,-42906,-41224,-19935,-302,-20491,-11,-3,-482,2211
2026-06-29,45975,-77332,29327,30270,40,-1419,-112,-33,581,2030
2026-06-30,8401,-37992,29332,16121,925,12623,14,43,-394,259
2026-07-01,17370,-17028,-700,-983,482,1457,49,472,-2177,359
2026-07-02,62413,-43706,-20825,-3928,556,-17424,9,457,-495,2118
2026-07-03,-22942,-21750,44079,30153,1040,11761,149,413,563,614
2026-07-06,26829,-13144,-14618,-14299,-129,-516,126,538,-338,933
2026-07-07,31359,-29172,-3108,4356,437,-8590,-57,462,285,921
2026-07-08,-358,3437,-3552,1605,477,-5050,-56,423,-950,473
2026-07-09,-13278,1343,12884,2822,950,7921,1,454,736,-950
2026-07-10,-7805,-3228,11314,11349,579,-1498,69,460,355,-282
2026-07-13,38869,-16705,-22338,-328,67,-21361,-562,508,-662,175
2026-07-14,-41411,9565,32117,18926,1508,11264,-344,-106,868,-271
2026-07-15,-24666,23031,1992,-8431,-421,10538,39,62,205,-357
2026-07-16,36647,-13665,-23831,-15258,-545,-8648,6,24,592,849
2026-07-20,3490,5198,-9235,-4931,584,-5576,-7,-48,743,547
2026-07-21,-16421,2952,13744,8891,1157,3158,4,-66,600,-275
2026-07-22,-12176,26211,-13963,-9758,162,-3670,-3,12,-706,-72
2026-07-23,-22077,21359,976,-10139,261,10118,43,-49,741,-257
2026-07-24,51782,-32683,-19514,-8740,-1753,-9393,12,33,326,415
2026-07-27,19788,-28811,8595,4691,614,4089,-70,-5,-724,427
2026-07-28,43152,-45009,1830,6947,213,-6301,-184,-10,1165,26
2026-07-29,-19701,-12502,31769,18563,1260,8639,-126,53,3381,434
2026-07-30,-14309,13280,805,-2713,1053,-1371,-164,199,3802,224
2026-07-31,-82840,72410,11503,-6663,-1071,17194,-35,431,1647,-1073
2026-08-03,46523,-28220,-19516,-15601,588,-4713,94,320,-204,1213
2026-08-04,8187,-3716,-5385,-1584,574,-4948,-120,227,466,914
2026-08-05,-11844,14464,-2838,1357,-105,-4093,20,252,-268,218
2026-08-06,33367,-32893,-1214,6787,480,-9049,-78,175,471,740
2026-08-07,2675,-8651,5854,6401,526,-25,-36,153,-1166,122
2026-08-10,9003,-14909,5692,6197,692,124,-26,154,-1449,215
2026-08-11,-708,535,212,-2089,-65,2717,-76,151,-426,-40
2026-08-12,-31911,28354,5279,2535,215,2642,-25,193,-281,-1722
2026-08-13,-27410,21102,6834,20,-76,7385,-21,166,-641,-526
2026-08-14,-19820,30387,-10298,-11634,-142,1011,-115,192,391,-269
2026-08-18,7420,914,-7951,-5473,-385,-1218,-99,29,-806,-383
2026-08-19,46357,-34726,-13390,-9753,667,-5105,-116,187,731,1759
2026-08-20,-22712,17068,-4895,-12879,-160,9702,35,223,-1816,10539
2026-08-21,-11652,-1760,2481,1119,-109,840,-54,221,464,10931
2026-08-24,33217,-36691,-12901,-4039,-184,-8894,3,169,44,16375
2026-08-25,10509,-38140,11711,10709,57,625,-147,232,234,15920
2026-08-26,-22461,-1148,7615,6857,75,849,1,173,-339,15994
2026-08-27,-19116,1333,1835,4933,181,-2063,24,189,-1429,15948
2026-08-28,4194,-8525,-11876,-2874,244,-9224,5,202,-229,16206
2026-08-31,-1464,-6434,-7891,-2435,167,-5495,12,217,-357,15790
2026-09-01,-5402,-4968,-6286,-6344,-231,238,24,174,-147,16656
2026-09-02,23029,-19173,-20361,-14238,133,-5161,-12,153,-1236,16505
2026-09-03,-9552,414,9143,10281,202,-1077,18,163,-444,-6
2026-09-04,-37229,4796,16694,11870,359,3370,27,220,846,15739
2026-09-07,-68374,25532,26491,22185,156,3860,60,133,96,16352
2026-09-08,-30329,6316,6427,7643,-613,1406,154,206,-2370,17586
2026-09-09,-22879,-4348,9422,7347,78,2463,-112,58,-411,17804
2026-09-10,3802,-26217,5744,11628,155,-4803,24,184,-1444,16671
2026-09-11,18675,-22984,-12184,-10345,-17,-4703,7,216,2659,16493
2026-09-14,30351,-33375,-11869,-5512,259,-6118,9,195,-703,14893
2026-09-15,8596,-15521,-9522,-6542,101,-3510,113,204,114,16447
2026-09-16,-12061,-16846,12371,7862,171,2470,-63,197,1734,16536
2026-09-17,6761,-26321,2497,4072,-301,-1092,12,287,-482,17063
2026-09-18,-36359,4486,15322,12153,-190,2113,61,218,966,16551
2026-09-21,-31850,71,15190,12740,-49,2896,27,205,-630,16590
2026-09-22,-15627,479,-1295,2030,42,-1008,42,187,-2589,16443
2026-09-23,-14543,-4987,3233,3823,77,-1378,-2,135,579,16297
2026-09-28,26467,-32682,-10169,-1403,-312,-6759,-23,149,-1821,16384
2026-09-29,12447,-29937,1037,194,-153,1219,-24,159,-358,16454
2026-09-30,12109,-20646,-7993,-8108,16,135,3,144,-183,16529
2026-10-01,-14102,1194,3252,1032,380,1420,16,170,233,9656
2026-10-02,-17897,-1080,4155,4453,-58,-980,12,156,572,14822
2026-10-06,7441,-17577,-37,1590,53,-1192,-1,128,-615,10173
2026-10-07,26183,-26188,-7101,-3170,-599,-613,-6,83,-2796,7105
2026-10-08,29972,-20767,-16750,-20731,109,4071,-16,134,-316,7544
